method,seed,mean_success_rate,ci95_success_rate,mean_utility,ci95_utility,mean_mechanism_precision,ci95_mechanism_precision,mean_incompatible_retrieval_rate,ci95_incompatible_retrieval_rate,mean_recovery_success,ci95_recovery_success,mean_damage_rate,ci95_damage_rate,mean_query_cost,ci95_query_cost,mean_regret,ci95_regret,mean_calibration_error,ci95_calibration_error,mean_retrieval_coverage,ci95_retrieval_coverage,groups,episodes_per_group
action_conditioned_mechanism_retrieval_v5,0,0.7250000000,0.0090902395,0.7980422189,0.0092749485,0.6636779833,0.0010344302,0.0906195037,0.0008762688,0.6321902524,0.0023852639,0.0560460736,0.0006658173,0.2253574250,0.0004585621,0.1034319865,0.0008067651,0.0574928321,0.0004822027,0.7519721684,0.0013428016,120,96
action_conditioned_mechanism_retrieval_v5,1,0.7174479167,0.0092024604,0.7905168424,0.0094357903,0.6642852917,0.0010205660,0.0906314204,0.0009477139,0.6317396186,0.0024491913,0.0560839453,0.0006792351,0.2253112292,0.0004606666,0.1031753674,0.0007870236,0.0576592477,0.0004710844,0.7520962714,0.0013351281,120,96
action_conditioned_mechanism_retrieval_v5,2,0.7158854167,0.0093765443,0.7890086949,0.0095423828,0.6640755250,0.0009184527,0.0903098371,0.0009525036,0.6320010074,0.0024459054,0.0560907094,0.0006518134,0.2255313542,0.0004816262,0.1033578245,0.0007646033,0.0577202774,0.0004811182,0.7521083184,0.0013431796,120,96
action_conditioned_mechanism_retrieval_v5,3,0.7239583333,0.0098176890,0.7971671813,0.0101767892,0.6643326583,0.0008855590,0.0906552537,0.0009763726,0.6324725011,0.0024604308,0.0559207011,0.0007225615,0.2254665083,0.0004764750,0.1034998147,0.0007844136,0.0577419541,0.0004542636,0.7523177974,0.0013336544,120,96
action_conditioned_mechanism_retrieval_v5,4,0.7265625000,0.0093587436,0.7999587069,0.0095790373,0.6648232417,0.0009095286,0.0905004204,0.0009750905,0.6324946036,0.0023804477,0.0558141128,0.0007204337,0.2253781750,0.0004629006,0.1036940827,0.0008080607,0.0576555767,0.0005078858,0.7523091674,0.0012746538,120,96
action_conditioned_mechanism_retrieval_v5,5,0.7256944444,0.0097140693,0.7988217722,0.0101193246,0.6648469250,0.0009648938,0.0906790871,0.0009399013,0.6321548586,0.0023447256,0.0558934194,0.0006924300,0.2254385028,0.0004570748,0.1038431715,0.0008201968,0.0578246604,0.0005141339,0.7523098754,0.0012571649,120,96
action_conditioned_mechanism_retrieval_v5,6,0.7295138889,0.0097308826,0.8025650476,0.0100644121,0.6649873333,0.0009877960,0.0908577537,0.0009470649,0.6319318386,0.0023750040,0.0559383761,0.0006771265,0.2253831806,0.0004569787,0.1036566592,0.0008269172,0.0576435691,0.0005222165,0.7524533214,0.0012030809,120,96
action_conditioned_mechanism_retrieval_v5,7,0.7238715278,0.0091625118,0.7968315532,0.0094378647,0.6651277417,0.0009375137,0.0910364204,0.0009841046,0.6313586436,0.0022839869,0.0557534453,0.0006851418,0.2252602236,0.0004403549,0.1038099500,0.0007963883,0.0576125527,0.0005442010,0.7523299674,0.0012521289,120,96
action_conditioned_mechanism_retrieval_v5,8,0.7285590278,0.0081698681,0.8015687898,0.0084072281,0.6649179750,0.0010075728,0.0908815871,0.0009800569,0.6314974711,0.0022477397,0.0558094569,0.0006975079,0.2252927986,0.0004412004,0.1037353169,0.0008324755,0.0575762004,0.0005196838,0.7525321094,0.0012621301,120,96
action_conditioned_mechanism_retrieval_v5,9,0.7223958333,0.0084831202,0.7954079455,0.0086199890,0.6643580333,0.0009810070,0.0905600037,0.0009329286,0.6315254099,0.0022464587,0.0559990836,0.0006372883,0.2251771333,0.0004448039,0.1037218761,0.0008233544,0.0575872051,0.0005224878,0.7526495424,0.0012346314,120,96
conformal_retrieval_filter,0,0.5467881944,0.0116229674,0.4641217428,0.0120311068,0.5188007833,0.0009666452,0.2048914453,0.0011577503,0.4926709344,0.0022619500,0.0888578970,0.0007976593,0.2699323403,0.0004783983,0.1583592716,0.0007921609,0.0914027081,0.0004693704,0.5585332759,0.0013716823,120,96
conformal_retrieval_filter,1,0.5423611111,0.0096156082,0.4595204564,0.0099160408,0.5186027417,0.0009925675,0.2048283620,0.0011682052,0.4922346507,0.0022598974,0.0890393937,0.0007624671,0.2698974444,0.0004600328,0.1582391192,0.0008066096,0.0914728988,0.0004935067,0.5585374509,0.0013348361,120,96
conformal_retrieval_filter,2,0.5440972222,0.0098258125,0.4610586138,0.0102382129,0.5181712500,0.0009687253,0.2050154037,0.0011301603,0.4923732375,0.0023113485,0.0890774366,0.0007663779,0.2699763639,0.0004601203,0.1583866749,0.0008317510,0.0914470415,0.0004535850,0.5587080424,0.0013007761,120,96
conformal_retrieval_filter,3,0.5423611111,0.0093196216,0.4592731512,0.0096826567,0.5183233833,0.0009423127,0.2052024453,0.0011375362,0.4921616494,0.0023183126,0.0888278045,0.0006724865,0.2701038944,0.0004356622,0.1585405337,0.0007955365,0.0913711591,0.0005066858,0.5588586239,0.0013036527,120,96
conformal_retrieval_filter,4,0.5434895833,0.0106742677,0.4603176713,0.0110256862,0.5180086167,0.0010242354,0.2051393620,0.0011995105,0.4920755407,0.0024289023,0.0889093012,0.0006972324,0.2700412458,0.0004616415,0.1586141782,0.0008144559,0.0914913748,0.0004904710,0.5587200609,0.0012914543,120,96
conformal_retrieval_filter,5,0.5388020833,0.0092227390,0.4555269997,0.0096504227,0.5186276500,0.0010368000,0.2050762787,0.0011854156,0.4917559819,0.0024454293,0.0890954853,0.0006849656,0.2700600208,0.0004756480,0.1586920249,0.0008366843,0.0916616155,0.0005055921,0.5589230019,0.0013213601,120,96
conformal_retrieval_filter,6,0.5446180556,0.0105961007,0.4613825470,0.0110209814,0.5185463333,0.0010713435,0.2051799453,0.0012516781,0.4916640369,0.0024658134,0.0891042795,0.0006918702,0.2698316972,0.0005087543,0.1585064782,0.0008440976,0.0916844491,0.0005154094,0.5591933099,0.0013449748,120,96
conformal_retrieval_filter,7,0.5453125000,0.0103549721,0.4619169282,0.0106913259,0.5184650167,0.0010056218,0.2049501120,0.0013042961,0.4913503144,0.0023903289,0.0892819662,0.0007239994,0.2699752250,0.0004649857,0.1585767160,0.0008709506,0.0916519218,0.0005272301,0.5592168279,0.0013236055,120,96
conformal_retrieval_filter,8,0.5472222222,0.0103726696,0.4639853951,0.0108006995,0.5182669750,0.0009930378,0.2048870287,0.0012885569,0.4914976557,0.0024008382,0.0891493003,0.0007193768,0.2699016389,0.0004748561,0.1585127585,0.0008689107,0.0915720375,0.0005334400,0.5590209029,0.0013355090,120,96
conformal_retrieval_filter,9,0.5458333333,0.0098781572,0.4627201228,0.0105197395,0.5184191083,0.0009817091,0.2049073203,0.0012507146,0.4914086288,0.0024082602,0.0892819458,0.0007086234,0.2696741333,0.0004895189,0.1579899074,0.0008835054,0.0914934871,0.0005420189,0.5590480894,0.0012503380,120,96
contrastive_mechanism_memory,0,0.6144965278,0.0092686237,0.5883935690,0.0098154767,0.5740153833,0.0009809967,0.1559035617,0.0010666500,0.5462390853,0.0022539999,0.0777098702,0.0007002707,0.2657792986,0.0004945759,0.1379899901,0.0008612482,0.0778418770,0.0005151677,0.6264352170,0.0013072037,120,96
contrastive_mechanism_memory,1,0.6147569444,0.0100468782,0.5889979936,0.0103288158,0.5744149667,0.0009622156,0.1558504784,0.0010708693,0.5467502516,0.0021963469,0.0777636668,0.0006949242,0.2655347028,0.0004753113,0.1376611337,0.0007650811,0.0778682027,0.0004808971,0.6262278020,0.0012968976,120,96
contrastive_mechanism_memory,2,0.6096354167,0.0111903993,0.5836423979,0.0116030268,0.5741142000,0.0010387932,0.1558807701,0.0011190019,0.5463246997,0.0023224337,0.0777700997,0.0007446273,0.2657156292,0.0004857599,0.1376863901,0.0007919907,0.0778458373,0.0004894940,0.6262928565,0.0013165454,120,96
contrastive_mechanism_memory,3,0.6129340278,0.0099652307,0.5870893807,0.0103485209,0.5743970583,0.0010151401,0.1555775617,0.0011284794,0.5461442703,0.0024366067,0.0777016752,0.0007431724,0.2656786236,0.0004384274,0.1378256267,0.0007677382,0.0777180860,0.0005060853,0.6263579110,0.0013208522,120,96
contrastive_mechanism_memory,4,0.6036458333,0.0102050444,0.5777372991,0.0104271920,0.5746799167,0.0009911869,0.1556078534,0.0011224414,0.5463023435,0.0024439581,0.0778331331,0.0007351571,0.2659178833,0.0004635342,0.1377069779,0.0007515303,0.0776456957,0.0005219960,0.6262028555,0.0013036772,120,96
contrastive_mechanism_memory,5,0.6165798611,0.0107223805,0.5908604533,0.0112487933,0.5747293250,0.0010184383,0.1557215201,0.0010477229,0.5464574985,0.0024342287,0.0775704272,0.0008120768,0.2658460319,0.0004517833,0.1376588334,0.0008104836,0.0775246143,0.0005242893,0.6261575215,0.0012456384,120,96
contrastive_mechanism_memory,6,0.6261284722,0.0093604460,0.6009255739,0.0097903515,0.5745452833,0.0010176451,0.1553349367,0.0010078080,0.5472137872,0.0024662296,0.0772335914,0.0007327021,0.2657715514,0.0004806945,0.1378441573,0.0008123377,0.0774955790,0.0005074034,0.6261235265,0.0012413000,120,96
contrastive_mechanism_memory,7,0.6092881944,0.0094819029,0.5836762727,0.0099185768,0.5743612417,0.0009886565,0.1552818534,0.0009903738,0.5467911535,0.0024338102,0.0774451256,0.0007079814,0.2661665653,0.0004836953,0.1379990093,0.0008008932,0.0772717797,0.0005169325,0.6262029215,0.0012481141,120,96
contrastive_mechanism_memory,8,0.6104166667,0.0107253860,0.5847728668,0.0111908709,0.5749942750,0.0009520261,0.1556456451,0.0010008721,0.5465873791,0.0023920845,0.0773624035,0.0006929482,0.2661099167,0.0005061461,0.1379018812,0.0007995300,0.0772547503,0.0004834472,0.6262559700,0.0013176466,120,96
contrastive_mechanism_memory,9,0.6212673611,0.0095518359,0.5957792705,0.0098659855,0.5750436833,0.0009651848,0.1557593117,0.0010277746,0.5467425341,0.0023305785,0.0771371977,0.0006718240,0.2659171569,0.0004695428,0.1380538367,0.0007796880,0.0774338190,0.0004681464,0.6259438360,0.0013316254,120,96
failure_aware_active_retrieval,0,0.6243055556,0.0093633691,0.6104480006,0.0097289789,0.5983454333,0.0010365845,0.1374726839,0.0009593989,0.5826046411,0.0023527213,0.0720361462,0.0006733312,0.3090024972,0.0004907327,0.1274301206,0.0008609816,0.0714038079,0.0004915164,0.6192321736,0.0012876462,120,96
failure_aware_active_retrieval,1,0.6269097222,0.0101968413,0.6130518659,0.0105091386,0.5984088417,0.0010015628,0.1373462255,0.0010358166,0.5823153004,0.0023333320,0.0721986941,0.0006825160,0.3087811139,0.0004773291,0.1273204714,0.0008826511,0.0715350096,0.0005165650,0.6196105671,0.0012853439,120,96
failure_aware_active_retrieval,2,0.6353298611,0.0106382004,0.6216424344,0.0110229200,0.5978886250,0.0010135886,0.1370530172,0.0010032199,0.5822652461,0.0022961316,0.0718446820,0.0007414315,0.3088284819,0.0004898794,0.1275992113,0.0008791845,0.0715134683,0.0005042447,0.6196187756,0.0013193781,120,96
failure_aware_active_retrieval,3,0.6355902778,0.0105790069,0.6219033254,0.0107908722,0.5976018583,0.0009288322,0.1371766839,0.0010970070,0.5820838761,0.0022468935,0.0718168012,0.0007165925,0.3086399111,0.0004803074,0.1273654743,0.0007975473,0.0715486219,0.0005024466,0.6195539476,0.0013474135,120,96
failure_aware_active_retrieval,4,0.6317708333,0.0091805075,0.6179057180,0.0096266873,0.5978987167,0.0009841291,0.1373837255,0.0011214603,0.5817828629,0.0023275204,0.0720182691,0.0007272437,0.3085584833,0.0005396822,0.1272043428,0.0007451430,0.0712849596,0.0005038033,0.6193974071,0.0013225683,120,96
failure_aware_active_retrieval,5,0.6329861111,0.0099439344,0.6192041358,0.0101235245,0.5981955750,0.0009737937,0.1372572672,0.0010431080,0.5814935223,0.0023423331,0.0718556420,0.0006952969,0.3085066194,0.0005019673,0.1274281936,0.0007306285,0.0713661363,0.0005160453,0.6192608766,0.0013245982,120,96
failure_aware_active_retrieval,6,0.6384548611,0.0100799818,0.6249058201,0.0103643126,0.5981422583,0.0009779076,0.1370474339,0.0010690385,0.5816739998,0.0023552828,0.0716606412,0.0007228749,0.3085452819,0.0004725111,0.1274397359,0.0007760505,0.0715460289,0.0005122074,0.6194348346,0.0012592093,120,96
failure_aware_active_retrieval,7,0.6332465278,0.0113970007,0.6197550040,0.0117265527,0.5980889417,0.0009451866,0.1366708505,0.0010570591,0.5817435886,0.0023244692,0.0716961804,0.0007494633,0.3086833986,0.0004678436,0.1276458703,0.0007725187,0.0715231536,0.0005102958,0.6196187976,0.0012400113,120,96
failure_aware_active_retrieval,8,0.6234375000,0.0094252552,0.6099821116,0.0097814594,0.5983858000,0.0009558864,0.1365443922,0.0010586945,0.5818044229,0.0023810469,0.0719320908,0.0007442484,0.3086858250,0.0004761805,0.1273965180,0.0007547213,0.0712541553,0.0004942884,0.6194822671,0.0012991588,120,96
failure_aware_active_retrieval,9,0.6260416667,0.0101636276,0.6128120785,0.0104746143,0.5989161083,0.0009599314,0.1364179339,0.0009773380,0.5823321573,0.0023608143,0.0719445637,0.0007174408,0.3086645417,0.0004755404,0.1275389615,0.0007933569,0.0713353319,0.0004907119,0.6192977126,0.0012797398,120,96
invariant_mechanism_alignment,0,0.5863715278,0.0099839602,0.5416686221,0.0103980608,0.5585045083,0.0010149566,0.1686663524,0.0010522339,0.5311836877,0.0024293849,0.0809432405,0.0006805194,0.2753650486,0.0004325738,0.1446136128,0.0008053031,0.0817392566,0.0004949812,0.5987850795,0.0013455772,120,96
invariant_mechanism_alignment,1,0.5967881944,0.0105081665,0.5522248688,0.0109554696,0.5587943667,0.0010436702,0.1687850191,0.0010132268,0.5312289427,0.0024320831,0.0808292472,0.0006966491,0.2750813153,0.0004513118,0.1447050716,0.0008187706,0.0816212553,0.0005254367,0.5988960815,0.0013040852,120,96
invariant_mechanism_alignment,2,0.5907118056,0.0097322699,0.5459829835,0.0102241573,0.5588507750,0.0009526136,0.1688203107,0.0010406910,0.5309269408,0.0023672201,0.0807561676,0.0006978515,0.2753286347,0.0004452404,0.1448657290,0.0008164080,0.0816019700,0.0005016715,0.5990601100,0.0012686043,120,96
invariant_mechanism_alignment,3,0.5904513889,0.0109957292,0.5457819510,0.0115458435,0.5589071833,0.0009920163,0.1689389774,0.0010767197,0.5315558208,0.0023408785,0.0806842868,0.0007300271,0.2753944806,0.0004584391,0.1451467825,0.0008570231,0.0818341436,0.0004980627,0.5990190360,0.0012987091,120,96
invariant_mechanism_alignment,4,0.5970486111,0.0101939782,0.5524003904,0.0106816113,0.5584966917,0.0010201386,0.1689742691,0.0010065254,0.5317207189,0.0024190519,0.0806332072,0.0007221205,0.2753643194,0.0004841168,0.1450989358,0.0008821997,0.0820149583,0.0004864414,0.5990790125,0.0013256694,120,96
invariant_mechanism_alignment,5,0.5914062500,0.0097084459,0.5466812394,0.0101798091,0.5583196500,0.0010407688,0.1687594357,0.0011033623,0.5316609214,0.0022982056,0.0808849813,0.0007208799,0.2753554375,0.0004683210,0.1450438780,0.0008555742,0.0817915710,0.0004389293,0.5991059725,0.0013329021,120,96
invariant_mechanism_alignment,6,0.5916666667,0.0090812438,0.5469501672,0.0095031239,0.5580258833,0.0010010236,0.1689614774,0.0010697091,0.5317032583,0.0022471750,0.0807095118,0.0006757880,0.2754139917,0.0005277902,0.1448723412,0.0008110170,0.0819250286,0.0004688430,0.5991652820,0.0012821641,120,96
invariant_mechanism_alignment,7,0.5962673611,0.0099974004,0.5513998870,0.0105963123,0.5577321167,0.0009890255,0.1693302691,0.0011050480,0.5313895839,0.0023584329,0.0806676897,0.0007127801,0.2751616569,0.0005476459,0.1447814163,0.0008202065,0.0816609543,0.0004929212,0.5991478865,0.0013529593,120,96
invariant_mechanism_alignment,8,0.5941840278,0.0104719917,0.5491791774,0.0109705952,0.5577885250,0.0009974506,0.1692821857,0.0011140111,0.5309737752,0.0022644503,0.0807670238,0.0007356410,0.2752029986,0.0005453790,0.1447402704,0.0008072540,0.0819404850,0.0004884896,0.5990501175,0.0012659597,120,96
invariant_mechanism_alignment,9,0.5988715278,0.0101595940,0.5539908713,0.0106089891,0.5580783833,0.0009882360,0.1692341024,0.0011413070,0.5309081414,0.0023255425,0.0807444830,0.0007207158,0.2750995236,0.0005151129,0.1446261214,0.0007856371,0.0820699406,0.0004942807,0.5991711245,0.0013006942,120,96
language_episode_retrieval,0,0.3589409722,0.0107701879,0.1080211582,0.0116911774,0.3905120333,0.0009839556,0.4151665291,0.0018366033,0.3560373065,0.0024120990,0.1414688529,0.0007774148,0.1881001264,0.0005054283,0.2266943556,0.0009194102,0.1508875595,0.0005498240,0.5661929709,0.0012967679,120,96
language_episode_retrieval,1,0.3625868056,0.0113518333,0.1117504220,0.0123629100,0.3907808917,0.0009838611,0.4149366958,0.0017451043,0.3560737590,0.0023832091,0.1414933645,0.0007887211,0.1881022847,0.0005088879,0.2268916903,0.0009131143,0.1507549821,0.0005496744,0.5661111029,0.0012414148,120,96
language_episode_retrieval,2,0.3670138889,0.0108695703,0.1161513542,0.0119482353,0.3902326750,0.0010534976,0.4148736125,0.0017576118,0.3563378252,0.0023310278,0.1415154862,0.0008017030,0.1882936056,0.0005152217,0.2267589317,0.0009053817,0.1506250728,0.0005094952,0.5659538639,0.0012757710,120,96
language_episode_retrieval,3,0.3581597222,0.0107709671,0.1074234573,0.0118133540,0.3903848083,0.0010393598,0.4149772791,0.0017037020,0.3565960552,0.0022787260,0.1414381679,0.0007970169,0.1883206889,0.0004875973,0.2265670819,0.0007872996,0.1505478565,0.0004813881,0.5658426479,0.0013109269,120,96
language_episode_retrieval,4,0.3687500000,0.0110259955,0.1180496669,0.0120084539,0.3904202167,0.0009991995,0.4148308208,0.0017203139,0.3563961396,0.0022560198,0.1412934908,0.0008222483,0.1884257250,0.0004737975,0.2267057231,0.0008097310,0.1506167131,0.0005291635,0.5656704014,0.0013539167,120,96
language_episode_retrieval,5,0.3619791667,0.0121875279,0.1113185065,0.0133997356,0.3909225250,0.0009657048,0.4149344875,0.0017722279,0.3567710946,0.0022465451,0.1412787225,0.0008703725,0.1885737167,0.0005180078,0.2268452722,0.0007937756,0.1507395968,0.0005161336,0.5657205994,0.0013403616,120,96
language_episode_retrieval,6,0.3628472222,0.0116639260,0.1123636698,0.0126364614,0.3911913833,0.0009158233,0.4152049041,0.0017860459,0.3571402134,0.0022488830,0.1409380266,0.0008758301,0.1885147139,0.0004799458,0.2270591302,0.0008134858,0.1506150235,0.0004800950,0.5658088164,0.0013848756,120,96
language_episode_retrieval,7,0.3642361111,0.0106695380,0.1136465842,0.0117379594,0.3908766167,0.0009652959,0.4153919458,0.0017665353,0.3572788002,0.0022560164,0.1409322945,0.0008696732,0.1884484194,0.0005046711,0.2272066858,0.0008256384,0.1507392411,0.0004780412,0.5656552459,0.0013872672,120,96
language_episode_retrieval,8,0.3640625000,0.0103244822,0.1133857283,0.0113399268,0.3906785750,0.0010003503,0.4152454875,0.0017905114,0.3569621596,0.0022686296,0.1410313925,0.0008542454,0.1884040000,0.0004910261,0.2272140281,0.0008389655,0.1508080978,0.0004848579,0.5656644234,0.0013665869,120,96
language_episode_retrieval,9,0.3726562500,0.0132770183,0.1219952369,0.0144624502,0.3903638083,0.0009850886,0.4154325291,0.0017527897,0.3569840215,0.0023054252,0.1407458979,0.0008758116,0.1884369375,0.0005191255,0.2272969848,0.0008385146,0.1508322655,0.0004793855,0.5658443529,0.0013218347,120,96
learned_expected_utility_retrieval,0,0.6259548611,0.0101019666,0.6003569896,0.0104259779,0.5804651333,0.0010325602,0.1498060705,0.0010567237,0.5577503475,0.0022257254,0.0759241708,0.0007325752,0.2893511319,0.0004380403,0.1344383002,0.0008275222,0.0754169421,0.0005147593,0.6370870464,0.0013748600,120,96
learned_expected_utility_retrieval,1,0.6236979167,0.0102213714,0.5980653065,0.0104129606,0.5804398167,0.0009648634,0.1495328621,0.0011018434,0.5576108682,0.0022771520,0.0758757962,0.0007099496,0.2895599792,0.0004365268,0.1347355498,0.0008178716,0.0756078208,0.0005312241,0.6370162469,0.0013244867,120,96
learned_expected_utility_retrieval,2,0.6238715278,0.0105453245,0.5983629054,0.0108515627,0.5805312250,0.0010039805,0.1495097788,0.0010849157,0.5574626344,0.0022608841,0.0757011303,0.0007365079,0.2896347486,0.0004559341,0.1345106126,0.0007555285,0.0756526265,0.0005084437,0.6370064779,0.0013232112,120,96
learned_expected_utility_retrieval,3,0.6300347222,0.0096436480,0.6046744760,0.0100279821,0.5808560833,0.0010154665,0.1495700705,0.0010297873,0.5580118325,0.0023262115,0.0756746133,0.0006886034,0.2895756389,0.0004419923,0.1346770735,0.0007973721,0.0756487411,0.0005096964,0.6371437824,0.0012666604,120,96
learned_expected_utility_retrieval,4,0.6250868056,0.0096965119,0.5997909070,0.0100969978,0.5804805917,0.0010244276,0.1496303621,0.0010210398,0.5580941307,0.0023677178,0.0755979712,0.0007223939,0.2896220597,0.0004593666,0.1343183386,0.0008051784,0.0755948308,0.0004974734,0.6369582589,0.0012628028,120,96
learned_expected_utility_retrieval,5,0.6243055556,0.0102617611,0.5988647574,0.0106067788,0.5804552750,0.0010474031,0.1495239038,0.0010252000,0.5580655400,0.0023584685,0.0756347566,0.0007148242,0.2898102472,0.0004737861,0.1346877960,0.0007954958,0.0754382025,0.0004806543,0.6368107544,0.0012902995,120,96
learned_expected_utility_retrieval,6,0.6233506944,0.0100672319,0.5977739574,0.0101902282,0.5806634083,0.0010669756,0.1495841955,0.0010063030,0.5582645632,0.0023478875,0.0757363645,0.0006831106,0.2900508903,0.0004378745,0.1348605600,0.0008214365,0.0753342671,0.0004871754,0.6370054209,0.0013158236,120,96
learned_expected_utility_retrieval,7,0.6269965278,0.0096233842,0.6014043763,0.0097575264,0.5807548167,0.0010361378,0.1495611121,0.0010422837,0.5581163294,0.0023758285,0.0758493737,0.0006965050,0.2899769986,0.0004828330,0.1347023228,0.0008055248,0.0754791228,0.0004545777,0.6369956519,0.0012973485,120,96
learned_expected_utility_retrieval,8,0.6350694444,0.0100988960,0.6092586136,0.0104814192,0.5806127750,0.0010129894,0.1499549038,0.0010617118,0.5577200550,0.0024696793,0.0757117766,0.0006757448,0.2898911528,0.0004998624,0.1348341097,0.0008310054,0.0754805735,0.0004848584,0.6368087944,0.0013201973,120,96
learned_expected_utility_retrieval,9,0.6355902778,0.0104093298,0.6099377486,0.0106479171,0.5805874583,0.0009823667,0.1499318205,0.0011120976,0.5581554463,0.0024851565,0.0757309608,0.0006675218,0.2898610111,0.0004508155,0.1346653672,0.0008687367,0.0753753041,0.0004798009,0.6369897874,0.0013297995,120,96
model_predictive_retrieval_arbitration,0,0.6368055556,0.0084944107,0.6255511139,0.0089962982,0.5924940083,0.0009814144,0.1411524920,0.0010315166,0.5693356728,0.0022884844,0.0729112328,0.0006893127,0.2815462472,0.0004653886,0.1290247534,0.0008169385,0.0733236349,0.0004948742,0.6532630711,0.0012833330,120,96
model_predictive_retrieval_arbitration,1,0.6401909722,0.0096585062,0.6292003304,0.0100719697,0.5928468667,0.0009816373,0.1411494087,0.0010366574,0.5694481890,0.0023153451,0.0726421294,0.0006982300,0.2815380264,0.0004738809,0.1289454227,0.0008523962,0.0734808105,0.0005255019,0.6534224181,0.0012657321,120,96
model_predictive_retrieval_arbitration,2,0.6410590278,0.0096826541,0.6300345634,0.0099174681,0.5927328250,0.0009737305,0.1409795753,0.0010626607,0.5693330915,0.0022563185,0.0726567911,0.0006926705,0.2816150736,0.0004496652,0.1290627852,0.0008347498,0.0733351682,0.0005363075,0.6534210181,0.0012632577,120,96
model_predictive_retrieval_arbitration,3,0.6413194444,0.0106717265,0.6300434348,0.0111317803,0.5929689583,0.0010104746,0.1412266170,0.0010333361,0.5694368534,0.0023088909,0.0729116715,0.0007138611,0.2816506028,0.0004939753,0.1291949677,0.0008604122,0.0733962959,0.0005160530,0.6536227196,0.0012819625,120,96
model_predictive_retrieval_arbitration,4,0.6454861111,0.0097068547,0.6342198325,0.0100936755,0.5927381917,0.0010195193,0.1412235337,0.0010451046,0.5693159197,0.0023901576,0.0729786807,0.0006848565,0.2813813194,0.0004448881,0.1291198391,0.0008396843,0.0735534715,0.0005147704,0.6535352766,0.0012920454,120,96
model_predictive_retrieval_arbitration,5,0.6349826389,0.0101463686,0.6233849629,0.0106437116,0.5929743250,0.0010517206,0.1412204503,0.0010263391,0.5688448109,0.0023970949,0.0732597274,0.0007038766,0.2816675931,0.0004698212,0.1290510137,0.0008092434,0.0737106472,0.0005231530,0.6534184856,0.0012875534,120,96
model_predictive_retrieval_arbitration,6,0.6430555556,0.0099292460,0.6316629303,0.0102531771,0.5925101083,0.0010363876,0.1412173670,0.0009741040,0.5690740522,0.0024556878,0.0729562740,0.0007109648,0.2816437722,0.0004345204,0.1289695819,0.0008275066,0.0737177479,0.0005404645,0.6537125666,0.0012823624,120,96
model_predictive_retrieval_arbitration,7,0.6408854167,0.0094231257,0.6293270735,0.0098969546,0.5923960667,0.0010567250,0.1412976587,0.0009753459,0.5687167503,0.0023938725,0.0730431319,0.0007411220,0.2816132792,0.0004924125,0.1289024598,0.0007754288,0.0733760075,0.0004825768,0.6536294591,0.0012757888,120,96
model_predictive_retrieval_arbitration,8,0.6434895833,0.0095324616,0.6321590713,0.0098919584,0.5922820250,0.0009993155,0.1410444503,0.0009733269,0.5689547459,0.0023981465,0.0730207074,0.0007234762,0.2814659208,0.0004962669,0.1288763148,0.0008075261,0.0732790562,0.0005054873,0.6536997616,0.0012915131,120,96
model_predictive_retrieval_arbitration,9,0.6397569444,0.0093909186,0.6283549837,0.0096897209,0.5922847083,0.0009586379,0.1410413670,0.0009838181,0.5689505372,0.0024172663,0.0731798790,0.0007210994,0.2815073278,0.0004894200,0.1287323852,0.0007718105,0.0732361319,0.0004885732,0.6536976946,0.0013414411,120,96
no_retrieval_controller,0,0.3146701389,0.0111928337,0.1537128160,0.0115345647,0.2762377583,0.0010460607,0.2518557797,0.0011236349,0.2951371327,0.0022733394,0.1256055254,0.0007353659,0.0870453431,0.0004461743,0.2120040750,0.0008490867,0.1314283375,0.0004956882,0.0000000000,0.0000000000,120,96
no_retrieval_controller,1,0.3161458333,0.0094592614,0.1552373693,0.0099104088,0.2757852667,0.0010366972,0.2519444463,0.0011198478,0.2953748877,0.0022323440,0.1255823446,0.0007423480,0.0869188083,0.0004368058,0.2118666188,0.0008100068,0.1313418811,0.0005229176,0.0000000000,0.0000000000,120,96
no_retrieval_controller,2,0.3259548611,0.0098010122,0.1648678935,0.0102888108,0.2750993250,0.0009829904,0.2520331130,0.0011366534,0.2951457427,0.0023508694,0.1256092637,0.0007418101,0.0868757069,0.0004711562,0.2118042667,0.0008404663,0.1313054498,0.0005372486,0.0000000000,0.0000000000,120,96
no_retrieval_controller,3,0.3249131944,0.0091666525,0.1638951968,0.0097421188,0.2748802833,0.0009683058,0.2519550297,0.0011717767,0.2949224340,0.0024260208,0.1255196729,0.0007352686,0.0867844153,0.0004730973,0.2116676059,0.0008368294,0.1312663505,0.0005720903,0.0000000000,0.0000000000,120,96
no_retrieval_controller,4,0.3206597222,0.0087358262,0.1596784046,0.0091643471,0.2752448667,0.0009413113,0.2517101963,0.0011705663,0.2944715115,0.0024145534,0.1256262971,0.0007072578,0.0867380889,0.0004675810,0.2115275383,0.0008245542,0.1311745581,0.0005591147,0.0000000000,0.0000000000,120,96
no_retrieval_controller,5,0.3194444444,0.0089345551,0.1581868295,0.0093519161,0.2749091000,0.0009424997,0.2518822380,0.0011920833,0.2944728983,0.0024112896,0.1257574400,0.0007006369,0.0868493278,0.0004967539,0.2116648885,0.0008460000,0.1311394608,0.0005472951,0.0000000000,0.0000000000,120,96
no_retrieval_controller,6,0.3115451389,0.0089790816,0.1503462155,0.0094557431,0.2746900583,0.0010501710,0.2516374047,0.0011318949,0.2949557758,0.0023671727,0.1258296392,0.0007025500,0.0870541431,0.0004964168,0.2117748126,0.0008314059,0.1308975935,0.0004969465,0.0000000000,0.0000000000,120,96
no_retrieval_controller,7,0.3209201389,0.0089213543,0.1600778183,0.0095683855,0.2749379167,0.0009995051,0.2513091963,0.0011698192,0.2947412215,0.0023332656,0.1255350396,0.0007178064,0.0870171181,0.0004854063,0.2116267385,0.0007879831,0.1309545421,0.0005014359,0.0000000000,0.0000000000,120,96
no_retrieval_controller,8,0.3177083333,0.0105955956,0.1571650589,0.0110326390,0.2753025000,0.0010053966,0.2510643630,0.0011777297,0.2952240990,0.0023211852,0.1255228637,0.0007196896,0.0870062333,0.0004932411,0.2116032626,0.0007992367,0.1310628498,0.0004747903,0.0000000000,0.0000000000,120,96
no_retrieval_controller,9,0.3184027778,0.0093508907,0.1578614707,0.0099663607,0.2755503583,0.0009570533,0.2512364047,0.0011775868,0.2954589358,0.0023114365,0.1254695567,0.0007386144,0.0870907361,0.0005047899,0.2116697107,0.0008143379,0.1309277025,0.0004561108,0.0000000000,0.0000000000,120,96
oracle_mechanism_retrieval,0,0.7861979167,0.0082822386,0.9210855879,0.0083033969,0.7322950333,0.0009839556,0.0561604893,0.0009628785,0.6766329679,0.0023706226,0.0437228801,0.0006167445,0.1860995542,0.0004639981,0.0828017619,0.0008700897,0.0461885378,0.0005255039,0.8600933733,0.0012558746,120,96
oracle_mechanism_retrieval,1,0.7965277778,0.0083208151,0.9314741306,0.0082242745,0.7325638917,0.0009838611,0.0558472809,0.0009212846,0.6766723385,0.0023905556,0.0435211930,0.0006282685,0.1860081361,0.0004684722,0.0829285922,0.0008592368,0.0460046015,0.0005509035,0.8600165078,0.0011868755,120,96
oracle_mechanism_retrieval,2,0.7901041667,0.0080849414,0.9244414589,0.0080783208,0.7320156750,0.0010534976,0.0557841976,0.0008905713,0.6768196798,0.0023509179,0.0436886022,0.0006540459,0.1863013417,0.0004663133,0.0829313347,0.0008428445,0.0458746922,0.0005045562,0.8598592688,0.0012466575,120,96
oracle_mechanism_retrieval,3,0.7792534722,0.0093245143,0.9132284423,0.0089362642,0.7324012583,0.0010303526,0.0560546143,0.0008347075,0.6771887985,0.0023008817,0.0438089688,0.0006439727,0.1864064014,0.0004619517,0.0826115926,0.0007297234,0.0458001438,0.0004794463,0.8597567238,0.0012401228,120,96
oracle_mechanism_retrieval,4,0.7898437500,0.0089617264,0.9239754120,0.0085205218,0.7325533917,0.0009888726,0.0558247809,0.0007739741,0.6769918010,0.0022581223,0.0435584055,0.0006540917,0.1864614125,0.0004551408,0.0827464294,0.0007583458,0.0458176415,0.0005151195,0.8595321178,0.0012823091,120,96
oracle_mechanism_retrieval,5,0.7837673611,0.0084636418,0.9187060809,0.0082844290,0.7327055250,0.0009657048,0.0558450726,0.0008206669,0.6774863991,0.0022490942,0.0436753759,0.0006894714,0.1866497069,0.0004596499,0.0828800731,0.0007331609,0.0459892162,0.0005056342,0.8595593043,0.0012855657,120,96
oracle_mechanism_retrieval,6,0.7863715278,0.0090018094,0.9213983435,0.0089618436,0.7330911083,0.0009295297,0.0561154893,0.0008471261,0.6776220679,0.0022679049,0.0433034301,0.0007219001,0.1866664486,0.0004722996,0.0830314331,0.0007633933,0.0458146178,0.0004738505,0.8597235593,0.0013202498,120,96
oracle_mechanism_retrieval,7,0.7911458333,0.0097904459,0.9241663361,0.0091979280,0.7328930667,0.0009956227,0.0563025309,0.0008470492,0.6777606548,0.0022182147,0.0430366605,0.0007330252,0.1865027333,0.0004633162,0.0833123888,0.0007784472,0.0460388855,0.0004659934,0.8595793268,0.0013595958,120,96
oracle_mechanism_retrieval,8,0.7842881944,0.0096297520,0.9182491951,0.0091573760,0.7330452000,0.0009755493,0.0560726976,0.0008809310,0.6774469323,0.0022700336,0.0433002597,0.0007420669,0.1865018653,0.0004655664,0.0831825266,0.0007887892,0.0459563332,0.0004730689,0.8595548208,0.0013170823,120,96
oracle_mechanism_retrieval,9,0.7878472222,0.0081327591,0.9225799053,0.0078896621,0.7323802583,0.0009831271,0.0562597393,0.0008444884,0.6775855191,0.0022819358,0.0432054401,0.0006763497,0.1865552639,0.0004513618,0.0833300823,0.0007839313,0.0460805508,0.0004846582,0.8597067363,0.0012856780,120,96
proposed_mechanism_retrieval_controller_v4,0,0.6663194444,0.0095216484,0.6847596942,0.0099861568,0.6049322083,0.0009121267,0.1246241432,0.0010209586,0.5742440400,0.0023851355,0.0672214984,0.0007073404,0.2402352028,0.0004771465,0.1219905271,0.0008340173,0.0719896563,0.0004906347,0.6853049281,0.0013584442,120,96
proposed_mechanism_retrieval_controller_v4,1,0.6663194444,0.0090404367,0.6846698331,0.0094034065,0.6051963417,0.0008992511,0.1248911849,0.0010290534,0.5742583769,0.0023555297,0.0671442913,0.0006834277,0.2402863778,0.0004734458,0.1221412192,0.0007954880,0.0719630540,0.0005282124,0.6853235696,0.0013376304,120,96
proposed_mechanism_retrieval_controller_v4,2,0.6627604167,0.0094759492,0.6808384511,0.0097934510,0.6052270250,0.0009849164,0.1252416015,0.0010127095,0.5742697956,0.0023285498,0.0673370829,0.0006784088,0.2402373042,0.0004794168,0.1222290157,0.0008014998,0.0719377856,0.0005226292,0.6853185326,0.0013015644,120,96
proposed_mechanism_retrieval_controller_v4,3,0.6559895833,0.0102496051,0.6736240065,0.0104644185,0.6047908083,0.0010848704,0.1252585182,0.0009882131,0.5740594369,0.0023433416,0.0676143671,0.0006691351,0.2404332958,0.0004518037,0.1225725968,0.0008065809,0.0720572563,0.0005035477,0.6853628536,0.0012506286,120,96
proposed_mechanism_retrieval_controller_v4,4,0.6704861111,0.0089332482,0.6882956640,0.0092455654,0.6044713167,0.0010342418,0.1251086849,0.0009827284,0.5736214644,0.0023460478,0.0673470913,0.0006937131,0.2402314944,0.0004470806,0.1224458711,0.0008242408,0.0721240340,0.0004942335,0.6854932176,0.0012306003,120,96
proposed_mechanism_retrieval_controller_v4,5,0.6661458333,0.0103386091,0.6838247164,0.0106721578,0.6039183750,0.0009946144,0.1253757265,0.0010346587,0.5737525262,0.0023398856,0.0674480592,0.0007280018,0.2400432833,0.0004609323,0.1223276622,0.0008350822,0.0721974816,0.0005100030,0.6855798931,0.0012689167,120,96
proposed_mechanism_retrieval_controller_v4,6,0.6599826389,0.0092601165,0.6777581176,0.0096780509,0.6038323333,0.0010514596,0.1251425182,0.0010077702,0.5735509219,0.0022861239,0.0673967471,0.0007376308,0.2402307681,0.0004845788,0.1219928301,0.0008514395,0.0722129003,0.0004880518,0.6857339356,0.0012917935,120,96
proposed_mechanism_retrieval_controller_v4,7,0.6694444444,0.0094687715,0.6873131004,0.0097297087,0.6038630167,0.0010054493,0.1248259349,0.0010499882,0.5730020606,0.0023246195,0.0673584988,0.0006982987,0.2399493778,0.0005146254,0.1221273966,0.0008247928,0.0721769600,0.0004979979,0.6857689186,0.0013087544,120,96
proposed_mechanism_retrieval_controller_v4,8,0.6565972222,0.0108620482,0.6743181434,0.0111612323,0.6038937000,0.0010024220,0.1248428515,0.0010095089,0.5733753269,0.0023070614,0.0675950829,0.0006722924,0.2401804139,0.0004925444,0.1221936724,0.0008122383,0.0722964306,0.0004866091,0.6857838916,0.0012795740,120,96
proposed_mechanism_retrieval_controller_v4,9,0.6598958333,0.0100109804,0.6775231515,0.0102706895,0.6043912833,0.0010119112,0.1250265182,0.0010441045,0.5731591319,0.0023979029,0.0678028396,0.0006826785,0.2402354333,0.0004929610,0.1217444623,0.0008020628,0.0724685943,0.0004801945,0.6856928116,0.0012903114,120,96
retrieved_context_behavior_clone,0,0.5090277778,0.0102594851,0.3537403484,0.0107310394,0.4637094333,0.0010411846,0.2974981428,0.0013926058,0.4311024500,0.0023775717,0.1135280283,0.0007473333,0.2295677111,0.0004992587,0.1843783057,0.0008560829,0.1179474153,0.0004911595,0.6487827661,0.0014045130,120,96
retrieved_context_behavior_clone,1,0.5058159722,0.0112108142,0.3502775227,0.0118826558,0.4630864917,0.0010642323,0.2977151845,0.0014122124,0.4309318119,0.0024096235,0.1136252087,0.0007506824,0.2295838264,0.0005234674,0.1842232774,0.0008989803,0.1180400880,0.0005121120,0.6489602416,0.0013597687,120,96
retrieved_context_behavior_clone,2,0.4997395833,0.0104386748,0.3443321538,0.0109405748,0.4633973500,0.0010713821,0.2975987261,0.0014035636,0.4304226713,0.0022867942,0.1134504567,0.0007474400,0.2295399958,0.0005147937,0.1840593346,0.0008454219,0.1180273746,0.0004962247,0.6486321311,0.0013132410,120,96
retrieved_context_behavior_clone,3,0.5110243056,0.0093869157,0.3555467840,0.0100136623,0.4628911333,0.0010469740,0.2977323928,0.0014534140,0.4302549513,0.0023096556,0.1134809633,0.0007439036,0.2292030847,0.0004800633,0.1840339019,0.0008090478,0.1179186133,0.0004802218,0.6489573471,0.0013275688,120,96
retrieved_context_behavior_clone,4,0.5045138889,0.0107968176,0.3490237955,0.0115976318,0.4628518167,0.0010024713,0.2976159345,0.0014636857,0.4303294356,0.0022475554,0.1135641487,0.0008009077,0.2292153556,0.0004641205,0.1841262539,0.0008344088,0.1179059000,0.0004947718,0.6490681226,0.0013308299,120,96
retrieved_context_behavior_clone,5,0.5032986111,0.0111198007,0.3479139307,0.0117088906,0.4628125000,0.0009616690,0.2974994761,0.0015065566,0.4301704700,0.0022656035,0.1134519717,0.0007592140,0.2292035194,0.0005032864,0.1840227080,0.0008157369,0.1180932866,0.0004706865,0.6490454981,0.0013613550,120,96
retrieved_context_behavior_clone,6,0.5127604167,0.0099548754,0.3577088585,0.0105861383,0.4635902583,0.0009418607,0.2969661428,0.0014475640,0.4299093700,0.0022588971,0.1131684508,0.0007781703,0.2292423042,0.0004853570,0.1844358411,0.0008218038,0.1180238783,0.0005247844,0.6492466521,0.0012996303,120,96
retrieved_context_behavior_clone,7,0.5039930556,0.0097015906,0.3488951209,0.0103250821,0.4639011167,0.0008795752,0.2971831845,0.0013980412,0.4304390819,0.0022896245,0.1133656312,0.0007717440,0.2292361472,0.0004634964,0.1844683065,0.0008110063,0.1178664260,0.0005173656,0.6490319316,0.0012798887,120,96
retrieved_context_behavior_clone,8,0.5066840278,0.0098051809,0.3517751954,0.0103615539,0.4639785250,0.0009310112,0.2970667261,0.0014399236,0.4308637413,0.0023097477,0.1131331167,0.0007737352,0.2293697236,0.0004359038,0.1847544553,0.0008505433,0.1179037376,0.0005134163,0.6490186451,0.0012567498,120,96
retrieved_context_behavior_clone,9,0.5038194444,0.0097966554,0.3488822055,0.0106528211,0.4640559333,0.0009862139,0.2971170178,0.0014699673,0.4306989394,0.0023932977,0.1130122746,0.0007729916,0.2294310028,0.0004678103,0.1848586182,0.0008445002,0.1177436173,0.0005243461,0.6486618536,0.0013183353,120,96
state_nearest_memory,0,0.4711805556,0.0103974048,0.2967649499,0.0112894147,0.4467766333,0.0010355903,0.3244702619,0.0015527735,0.4088780758,0.0023206711,0.1189294017,0.0007383983,0.2089807972,0.0005105685,0.1952350898,0.0009000400,0.1263554942,0.0004951051,0.6259831150,0.0012708924,120,96
state_nearest_memory,1,0.4650173611,0.0111847461,0.2906376539,0.0119416309,0.4468867667,0.0010182014,0.3243771786,0.0014792531,0.4085175671,0.0023531344,0.1189219483,0.0007512974,0.2088021319,0.0004898425,0.1952216235,0.0008970957,0.1264572299,0.0005186100,0.6259230440,0.0012524989,120,96
state_nearest_memory,2,0.4742187500,0.0107839114,0.3002517946,0.0112707514,0.4467634500,0.0010461277,0.3241173453,0.0014561836,0.4088632446,0.0023357646,0.1185262100,0.0007447271,0.2088085625,0.0004956598,0.1952546421,0.0008337942,0.1265062725,0.0005098572,0.6261878020,0.0012560416,120,96
state_nearest_memory,3,0.4783854167,0.0112299790,0.3043085443,0.0118759225,0.4466401333,0.0010728084,0.3242743869,0.0014733696,0.4087274315,0.0023881209,0.1185504279,0.0007805070,0.2087354042,0.0005066789,0.1952483870,0.0008453682,0.1264619352,0.0004920247,0.6262274475,0.0012592384,120,96
state_nearest_memory,4,0.4664930556,0.0103902433,0.2921929019,0.0111906575,0.4465168167,0.0010501286,0.3240979286,0.0013748461,0.4083698408,0.0023370933,0.1187403133,0.0007819477,0.2088370472,0.0005020705,0.1954312163,0.0008335297,0.1263622369,0.0005108670,0.6262204030,0.0013246736,120,96
state_nearest_memory,5,0.4754340278,0.0098051809,0.3012762925,0.0105192047,0.4460433250,0.0010616958,0.3240048453,0.0013830312,0.4085929571,0.0024020606,0.1187611350,0.0007755544,0.2087470736,0.0005075030,0.1950737448,0.0008485360,0.1264139475,0.0004916959,0.6259135420,0.0013622154,120,96
state_nearest_memory,6,0.4782118056,0.0110803872,0.3039391712,0.0116078662,0.4460367333,0.0010480967,0.3241618869,0.0013765605,0.4083404190,0.0024322910,0.1187603279,0.0007958582,0.2086933597,0.0004884514,0.1950695907,0.0008373353,0.1265697102,0.0004832159,0.6258958255,0.0013462253,120,96
state_nearest_memory,7,0.4750000000,0.0110682732,0.3009368763,0.0117197487,0.4461468667,0.0009994081,0.3238186786,0.0014093641,0.4083388396,0.0024277847,0.1188323158,0.0008126927,0.2085234000,0.0005014218,0.1949717081,0.0007562197,0.1265173689,0.0004985420,0.6259174620,0.0013852117,120,96
state_nearest_memory,8,0.4715277778,0.0111375059,0.2974301214,0.0118627591,0.4463737250,0.0010223084,0.3238089703,0.0014719090,0.4083255877,0.0023499479,0.1189323363,0.0008174251,0.2085571861,0.0005034915,0.1949557431,0.0007866387,0.1264703635,0.0005159785,0.6258617265,0.0014400052,120,96
state_nearest_memory,9,0.4814236111,0.0113180651,0.3073312783,0.0120951559,0.4461336833,0.0010478635,0.3241327619,0.0014730171,0.4086508383,0.0023186333,0.1187650517,0.0007815694,0.2085538944,0.0004954420,0.1949486925,0.0008077813,0.1262786192,0.0005113237,0.6259487290,0.0014020446,120,96
test_time_retrieval_adaptation,0,0.5745659722,0.0090793015,0.5062655633,0.0095288071,0.5442605583,0.0009502141,0.1822627971,0.0011826445,0.5171444871,0.0023338356,0.0839925166,0.0007268610,0.3003785264,0.0004720362,0.1509251584,0.0007795798,0.0850759748,0.0005046833,0.5725083768,0.0012385580,120,96
test_time_retrieval_adaptation,1,0.5710069444,0.0099534702,0.5028610338,0.0102443743,0.5445574167,0.0009639698,0.1819695888,0.0011376434,0.5172111577,0.0023911004,0.0839541795,0.0007449114,0.3005435778,0.0004307782,0.1509349973,0.0007779514,0.0850544334,0.0004965647,0.5723818513,0.0013034345,120,96
test_time_retrieval_adaptation,2,0.5749131944,0.0097529434,0.5069667936,0.0102691477,0.5452044500,0.0009586438,0.1820098805,0.0011040463,0.5174996059,0.0023240881,0.0841049625,0.0007779541,0.3003039653,0.0004843958,0.1506890517,0.0007834509,0.0850382281,0.0004920198,0.5721966298,0.0013117010,120,96
test_time_retrieval_adaptation,3,0.5766493056,0.0108831573,0.5088806428,0.0112779239,0.5452678583,0.0009117322,0.1822169221,0.0010738174,0.5180156677,0.0023310841,0.0839062804,0.0007218537,0.3002448097,0.0004744231,0.1507133128,0.0008080997,0.0848746158,0.0004881264,0.5720881133,0.0012654429,120,96
test_time_retrieval_adaptation,4,0.5737847222,0.0099786595,0.5061230928,0.0103305489,0.5450978167,0.0009689013,0.1819237138,0.0010800965,0.5183157884,0.0023230117,0.0838554433,0.0006764191,0.3003501139,0.0004708777,0.1509857496,0.0008194663,0.0850031494,0.0004878243,0.5718575358,0.0012839966,120,96
test_time_retrieval_adaptation,5,0.5786458333,0.0105427060,0.5107719593,0.0110467254,0.5451612250,0.0010309712,0.1824642555,0.0010985947,0.5183532777,0.0023749798,0.0838739812,0.0006810545,0.3004473083,0.0004870227,0.1507668325,0.0008536453,0.0846947981,0.0004902788,0.5717957093,0.0013144755,120,96
test_time_retrieval_adaptation,6,0.5798611111,0.0097470679,0.5119629798,0.0103306883,0.5448744583,0.0010724691,0.1825045471,0.0010901734,0.5182915509,0.0023391283,0.0839231266,0.0007138905,0.3002453694,0.0004446931,0.1507272900,0.0008584117,0.0847786428,0.0004823028,0.5719359838,0.0013015850,120,96
test_time_retrieval_adaptation,7,0.5756076389,0.0104778438,0.5069957072,0.0107906152,0.5449378667,0.0010653819,0.1828783388,0.0011270168,0.5175178015,0.0024233003,0.0843441795,0.0006774762,0.3004201431,0.0004471816,0.1509156715,0.0008600050,0.0847677734,0.0004833476,0.5717507623,0.0013102281,120,96
test_time_retrieval_adaptation,8,0.5681423611,0.0097846177,0.4996414166,0.0102834626,0.5445343750,0.0010339743,0.1830020055,0.0010941306,0.5180367815,0.0024089577,0.0842552612,0.0006564199,0.3004397819,0.0004328920,0.1507360282,0.0008467512,0.0851030771,0.0004925954,0.5721434963,0.0012879179,120,96
test_time_retrieval_adaptation,9,0.5833333333,0.0101911620,0.5150463164,0.0106270742,0.5444810583,0.0010147810,0.1830422971,0.0010606785,0.5180917796,0.0023618486,0.0839527941,0.0007087063,0.3003923583,0.0004662039,0.1506276847,0.0008623654,0.0851869218,0.0005191137,0.5721690468,0.0012932176,120,96
uncertainty_gated_retrieval,0,0.5135416667,0.0093940783,0.3995165290,0.0096138525,0.4949239833,0.0010101605,0.2281702185,0.0012768289,0.4729339274,0.0024192730,0.0963952986,0.0007211195,0.2865593417,0.0004671908,0.1677077825,0.0008217406,0.0988236185,0.0005285475,0.5258333056,0.0012726571,120,96
uncertainty_gated_retrieval,1,0.5085069444,0.0094479396,0.3944832485,0.0099732356,0.4943827667,0.0010163420,0.2279453852,0.0013184211,0.4730939299,0.0024334907,0.0964293353,0.0007580235,0.2865859778,0.0004856506,0.1678404183,0.0008391325,0.0986941212,0.0005109619,0.5258237316,0.0012858699,120,96
uncertainty_gated_retrieval,2,0.5109375000,0.0094041717,0.3972209317,0.0098460120,0.4946586250,0.0010037251,0.2278039269,0.0013089215,0.4727841142,0.0023980695,0.0960847082,0.0007204415,0.2865081000,0.0004688211,0.1676517627,0.0008564567,0.0985659578,0.0005240346,0.5257411211,0.0013047525,120,96
uncertainty_gated_retrieval,3,0.5040798611,0.0102832508,0.3902693681,0.0107849292,0.4951679333,0.0010078464,0.2279959685,0.0012270991,0.4728128011,0.0023608490,0.0963308136,0.0007064468,0.2862601069,0.0005153111,0.1677388215,0.0008192126,0.0984931555,0.0005147910,0.5255904766,0.0012731973,120,96
uncertainty_gated_retrieval,4,0.5080729167,0.0107364369,0.3942510564,0.0114486324,0.4945099917,0.0009902864,0.2281046352,0.0012098744,0.4729611311,0.0023482632,0.0962256953,0.0007236804,0.2860603042,0.0005118771,0.1678866749,0.0008398813,0.0984690442,0.0004861184,0.5253514546,0.0012374238,120,96
uncertainty_gated_retrieval,5,0.5131076389,0.0105417254,0.3993130614,0.0110105910,0.4945524000,0.0009831066,0.2281299269,0.0011895838,0.4732291042,0.0023036289,0.0963461157,0.0006349302,0.2861460681,0.0004958094,0.1676284228,0.0008275217,0.0985436488,0.0004917034,0.5252401631,0.0012343636,120,96
uncertainty_gated_retrieval,6,0.5154513889,0.0113381643,0.4017537713,0.0119795085,0.4947115333,0.0009692362,0.2279884685,0.0012558413,0.4728025636,0.0023117242,0.0963032011,0.0007134102,0.2860694056,0.0005119323,0.1673751683,0.0008324637,0.0984655105,0.0004744632,0.5254150146,0.0012945575,120,96
uncertainty_gated_retrieval,7,0.5083333333,0.0102613818,0.3945119766,0.0109114086,0.4945204917,0.0010007970,0.2278470102,0.0012437229,0.4729596480,0.0022640411,0.0966306990,0.0007295609,0.2859751333,0.0004575433,0.1675116085,0.0008542956,0.0987375472,0.0004727442,0.5255618521,0.0013318451,120,96
uncertainty_gated_retrieval,8,0.5106770833,0.0109411166,0.3965549856,0.0116079296,0.4944461750,0.0009624415,0.2282058019,0.0012375788,0.4728657736,0.0022592505,0.0967228520,0.0007563163,0.2860485458,0.0004652411,0.1676083772,0.0008474534,0.0988174878,0.0004767512,0.5254212126,0.0013350290,120,96
uncertainty_gated_retrieval,9,0.5049479167,0.0107839114,0.3910239278,0.0112398980,0.4943718583,0.0009257415,0.2281477185,0.0012301762,0.4733701149,0.0022499847,0.0965809611,0.0007382730,0.2862349792,0.0004376959,0.1674755186,0.0008750983,0.0990408335,0.0004937546,0.5253055856,0.0012953274,120,96
visual_nearest_retrieval,0,0.4328125000,0.0116226011,0.2219359519,0.0125636890,0.4188412083,0.0009633655,0.3680518665,0.0016124723,0.3819510447,0.0023839918,0.1295342390,0.0008096838,0.1974601250,0.0005080591,0.2096990485,0.0008898368,0.1391232249,0.0005262525,0.6011417847,0.0013264826,120,96
visual_nearest_retrieval,1,0.4282986111,0.0104992388,0.2172660210,0.0113626556,0.4188626167,0.0010152988,0.3681455331,0.0016502847,0.3813785497,0.0023928357,0.1296222207,0.0007724035,0.1974204444,0.0005023020,0.2094470018,0.0008931930,0.1388397485,0.0005475769,0.6011461107,0.0012889269,120,96
visual_nearest_retrieval,2,0.4297743056,0.0110077020,0.2185578211,0.0117844916,0.4188840250,0.0010016245,0.3680724498,0.0016021822,0.3805784409,0.0023355719,0.1296907673,0.0007953981,0.1972468847,0.0004743632,0.2095917483,0.0008631524,0.1389538042,0.0005671598,0.6012938417,0.0012988251,120,96
visual_nearest_retrieval,3,0.4276041667,0.0121769849,0.2162768249,0.0130343863,0.4184385333,0.0010134481,0.3679993665,0.0016588650,0.3807121322,0.0023309441,0.1297248890,0.0007545124,0.1973244667,0.0004698316,0.2098530864,0.0008866898,0.1388677599,0.0005163520,0.6012708207,0.0013022663,120,96
visual_nearest_retrieval,4,0.4306423611,0.0103967381,0.2192717614,0.0110835481,0.4183432167,0.0010394635,0.3680930331,0.0016373621,0.3808399872,0.0023157714,0.1299270582,0.0007236830,0.1972791069,0.0004895413,0.2095217334,0.0008826199,0.1390345085,0.0005009442,0.6014659087,0.0012971469,120,96
visual_nearest_retrieval,5,0.4207465278,0.0108145456,0.2095594355,0.0118802495,0.4184813500,0.0009998030,0.3674363248,0.0016938216,0.3801770303,0.0023367908,0.1298592886,0.0008231711,0.1975148736,0.0004961918,0.2092375481,0.0008455568,0.1390892012,0.0004923683,0.6013244952,0.0013546357,120,96
visual_nearest_retrieval,6,0.4326388889,0.0105263113,0.2218378081,0.0115433845,0.4186194833,0.0010160689,0.3670297415,0.0017057336,0.3804391190,0.0022977030,0.1297670152,0.0008282025,0.1972455056,0.0004804922,0.2093481676,0.0008329009,0.1389477959,0.0005164510,0.6013681742,0.0013435087,120,96
visual_nearest_retrieval,7,0.4235243056,0.0117416552,0.2124746671,0.0127473055,0.4184074417,0.0009795299,0.3672901581,0.0016978101,0.3803276878,0.0023398733,0.1298994569,0.0008619680,0.1973202597,0.0004983799,0.2092287254,0.0008591007,0.1388670875,0.0004967033,0.6014772192,0.0013586498,120,96
visual_nearest_retrieval,8,0.4273437500,0.0112722685,0.2164362293,0.0121719579,0.4184288500,0.0009757067,0.3674671998,0.0017081092,0.3809195247,0.0023553496,0.1296431748,0.0008309798,0.1974640625,0.0005036623,0.2093596725,0.0008980455,0.1389851452,0.0005042600,0.6010096427,0.0013321358,120,96
visual_nearest_retrieval,9,0.4242187500,0.0107622348,0.2134890649,0.0116027340,0.4179833583,0.0009859147,0.3668938665,0.0015645263,0.3813041747,0.0023370540,0.1297094915,0.0008068064,0.1976050375,0.0004931316,0.2094605822,0.0008771640,0.1390411719,0.0004969352,0.6006831367,0.0013080209,120,96
