method,split,seed,mean_success_rate,ci95_success_rate,mean_mechanism_precision,ci95_mechanism_precision,mean_incompatible_retrieval_rate,ci95_incompatible_retrieval_rate,mean_damage_rate,ci95_damage_rate,mean_recovery_success,ci95_recovery_success,mean_query_cost,ci95_query_cost,mean_calibration_error,ci95_calibration_error,groups,episodes_per_group
conformal_retrieval_filter,combined_stress,0,0.552041,0.025001,0.524232,0.002721,0.202099,0.003822,0.086978,0.002537,0.488447,0.006471,0.269345,0.001430,0.089493,0.001362,35,84
conformal_retrieval_filter,combined_stress,1,0.564966,0.021883,0.524638,0.002708,0.202055,0.004030,0.086679,0.002554,0.488383,0.006612,0.268208,0.001179,0.089450,0.001250,35,84
conformal_retrieval_filter,combined_stress,2,0.564626,0.017826,0.524130,0.002603,0.201667,0.003852,0.086619,0.002483,0.487303,0.006175,0.268400,0.001173,0.089631,0.001258,35,84
conformal_retrieval_filter,combined_stress,3,0.572449,0.020966,0.523165,0.002886,0.201623,0.003632,0.086879,0.002440,0.487239,0.005774,0.268478,0.001201,0.089589,0.001287,35,84
conformal_retrieval_filter,combined_stress,4,0.555102,0.018649,0.523114,0.002840,0.200893,0.003746,0.087363,0.002493,0.487716,0.005681,0.268679,0.001202,0.089534,0.001325,35,84
conformal_retrieval_filter,combined_stress,5,0.563265,0.021018,0.523520,0.003030,0.200506,0.003920,0.087133,0.002575,0.488695,0.005682,0.268295,0.001008,0.088571,0.001105,35,84
conformal_retrieval_filter,combined_stress,6,0.558503,0.022195,0.523012,0.002934,0.201148,0.003925,0.087239,0.002515,0.488603,0.005424,0.268549,0.001037,0.088999,0.001106,35,84
conformal_retrieval_filter,cross_embodiment,0,0.596599,0.020996,0.529888,0.002890,0.190690,0.003804,0.080988,0.002499,0.496867,0.005861,0.264042,0.001117,0.083659,0.001137,35,84
conformal_retrieval_filter,cross_embodiment,1,0.585714,0.018420,0.530303,0.002870,0.191338,0.003809,0.081221,0.002497,0.496269,0.005756,0.264157,0.001248,0.083634,0.001102,35,84
conformal_retrieval_filter,cross_embodiment,2,0.592177,0.020856,0.530717,0.002896,0.191643,0.003841,0.081310,0.002505,0.495686,0.005730,0.264029,0.001135,0.083602,0.001127,35,84
conformal_retrieval_filter,cross_embodiment,3,0.584694,0.025503,0.530217,0.002898,0.191262,0.003978,0.081398,0.002555,0.495129,0.005555,0.264096,0.001104,0.084015,0.001130,35,84
conformal_retrieval_filter,cross_embodiment,4,0.571769,0.021400,0.530174,0.003111,0.190538,0.003797,0.081797,0.002582,0.495616,0.005778,0.264697,0.001098,0.084193,0.001143,35,84
conformal_retrieval_filter,cross_embodiment,5,0.574490,0.024111,0.530589,0.002869,0.190500,0.003828,0.081707,0.002525,0.496075,0.005606,0.264850,0.001125,0.084384,0.001106,35,84
conformal_retrieval_filter,cross_embodiment,6,0.573469,0.023809,0.531004,0.002757,0.190804,0.003653,0.081945,0.002351,0.495491,0.005265,0.265056,0.001078,0.084123,0.001156,35,84
conformal_retrieval_filter,heldout_mechanism,0,0.582993,0.017573,0.533520,0.002838,0.185420,0.003805,0.079448,0.002510,0.500823,0.005914,0.261725,0.001192,0.081038,0.001276,35,84
conformal_retrieval_filter,heldout_mechanism,1,0.602381,0.020852,0.534400,0.002833,0.185731,0.003736,0.078826,0.002444,0.500763,0.006129,0.261420,0.001120,0.081010,0.001265,35,84
conformal_retrieval_filter,heldout_mechanism,2,0.599320,0.021410,0.534822,0.002861,0.186385,0.003741,0.077992,0.002428,0.499660,0.005942,0.261659,0.001142,0.081446,0.001269,35,84
conformal_retrieval_filter,heldout_mechanism,3,0.609864,0.019699,0.534330,0.002656,0.186353,0.003506,0.078206,0.002385,0.498584,0.005737,0.261478,0.001196,0.081869,0.001271,35,84
conformal_retrieval_filter,heldout_mechanism,4,0.613605,0.018996,0.533838,0.002613,0.185292,0.003775,0.078023,0.002442,0.498578,0.005649,0.261620,0.001159,0.081359,0.001210,35,84
conformal_retrieval_filter,heldout_mechanism,5,0.610544,0.021100,0.534261,0.002577,0.184231,0.003845,0.078432,0.002480,0.498572,0.005627,0.261630,0.001129,0.081307,0.001132,35,84
conformal_retrieval_filter,heldout_mechanism,6,0.622109,0.019306,0.535141,0.002571,0.184885,0.003850,0.078449,0.002523,0.497984,0.005888,0.261663,0.001106,0.081514,0.001179,35,84
conformal_retrieval_filter,heldout_object,0,0.613265,0.021821,0.539910,0.002694,0.178634,0.003867,0.074800,0.002383,0.503289,0.006150,0.258967,0.001209,0.078535,0.001426,35,84
conformal_retrieval_filter,heldout_object,1,0.624490,0.022215,0.540766,0.002688,0.178927,0.003823,0.074556,0.002337,0.502173,0.006015,0.258536,0.001200,0.078266,0.001388,35,84
conformal_retrieval_filter,heldout_object,2,0.608844,0.018991,0.540707,0.002789,0.179220,0.003907,0.075307,0.002355,0.502086,0.005731,0.259167,0.001223,0.078455,0.001346,35,84
conformal_retrieval_filter,heldout_object,3,0.641156,0.021648,0.539276,0.003269,0.178484,0.003932,0.074565,0.002511,0.503069,0.005723,0.258669,0.001130,0.078396,0.001355,35,84
conformal_retrieval_filter,heldout_object,4,0.627551,0.020440,0.538303,0.003047,0.178433,0.003936,0.075020,0.002360,0.504025,0.005721,0.259043,0.001218,0.078579,0.001266,35,84
conformal_retrieval_filter,heldout_object,5,0.604082,0.017828,0.539159,0.003042,0.179069,0.003941,0.075953,0.002333,0.502896,0.005493,0.259097,0.001236,0.078316,0.001215,35,84
conformal_retrieval_filter,heldout_object,6,0.631973,0.021333,0.539100,0.002854,0.179705,0.003947,0.075859,0.002312,0.502795,0.005567,0.258890,0.001198,0.078511,0.001117,35,84
conformal_retrieval_filter,seen_corpus,0,0.644898,0.014834,0.545693,0.002790,0.170646,0.003656,0.070769,0.002200,0.509066,0.006026,0.254336,0.001166,0.074964,0.001196,35,84
conformal_retrieval_filter,seen_corpus,1,0.629932,0.022765,0.546525,0.002784,0.170921,0.003616,0.070350,0.002359,0.508953,0.006031,0.254946,0.001143,0.074683,0.001380,35,84
conformal_retrieval_filter,seen_corpus,2,0.644898,0.018086,0.546899,0.002790,0.170853,0.003344,0.069992,0.002324,0.509368,0.005844,0.254450,0.001308,0.074396,0.001433,35,84
conformal_retrieval_filter,seen_corpus,3,0.635714,0.018405,0.545902,0.002766,0.170785,0.003467,0.070346,0.002471,0.510298,0.005834,0.254750,0.001145,0.073880,0.001279,35,84
conformal_retrieval_filter,seen_corpus,4,0.632993,0.018487,0.545362,0.003056,0.171060,0.003480,0.070825,0.002492,0.510185,0.005896,0.254959,0.001072,0.073827,0.001204,35,84
conformal_retrieval_filter,seen_corpus,5,0.640136,0.017458,0.544821,0.003149,0.171678,0.003485,0.070675,0.002546,0.509543,0.006459,0.255259,0.001101,0.074238,0.001208,35,84
conformal_retrieval_filter,seen_corpus,6,0.626871,0.020470,0.545196,0.002923,0.171610,0.003542,0.070653,0.002544,0.507900,0.005984,0.255616,0.001102,0.074180,0.001274,35,84
language_episode_retrieval,combined_stress,0,0.415306,0.025770,0.395387,0.002565,0.421632,0.005848,0.140524,0.003097,0.351978,0.005492,0.187024,0.001449,0.149895,0.001082,35,84
language_episode_retrieval,combined_stress,1,0.409524,0.026461,0.394878,0.002718,0.421588,0.006008,0.140599,0.003153,0.352428,0.005635,0.187064,0.001368,0.149396,0.001402,35,84
language_episode_retrieval,combined_stress,2,0.391497,0.024421,0.395285,0.002674,0.422230,0.006013,0.141199,0.003013,0.351822,0.006151,0.187732,0.001330,0.148908,0.001404,35,84
language_episode_retrieval,combined_stress,3,0.421769,0.028654,0.394777,0.002649,0.422529,0.006109,0.140121,0.003105,0.352259,0.006096,0.187496,0.001390,0.149101,0.001448,35,84
language_episode_retrieval,combined_stress,4,0.408163,0.031676,0.395184,0.002692,0.422141,0.006240,0.140327,0.002996,0.351694,0.006636,0.187187,0.001506,0.149281,0.001412,35,84
language_episode_retrieval,combined_stress,5,0.403741,0.029982,0.396048,0.002685,0.422440,0.006168,0.140629,0.002884,0.351615,0.006460,0.186751,0.001327,0.149245,0.001292,35,84
language_episode_retrieval,combined_stress,6,0.385034,0.023817,0.396454,0.002671,0.422053,0.006212,0.140937,0.002821,0.351565,0.006596,0.186971,0.001236,0.149654,0.001293,35,84
language_episode_retrieval,cross_embodiment,0,0.457483,0.027795,0.403330,0.002721,0.397049,0.006278,0.133594,0.002979,0.358867,0.006206,0.181525,0.001270,0.143825,0.001480,35,84
language_episode_retrieval,cross_embodiment,1,0.447279,0.024747,0.403744,0.002826,0.397697,0.006284,0.133356,0.002915,0.359298,0.006392,0.181859,0.001199,0.143799,0.001496,35,84
language_episode_retrieval,cross_embodiment,2,0.459184,0.026462,0.404616,0.002820,0.397316,0.006149,0.133056,0.002982,0.358742,0.006055,0.181427,0.001242,0.143755,0.001416,35,84
language_episode_retrieval,cross_embodiment,3,0.440816,0.026500,0.404574,0.003157,0.397621,0.006179,0.133871,0.002947,0.359187,0.005980,0.181875,0.001233,0.143494,0.001374,35,84
language_episode_retrieval,cross_embodiment,4,0.460204,0.027391,0.403616,0.003010,0.397240,0.006201,0.133649,0.003056,0.360175,0.005977,0.181795,0.001309,0.143450,0.001219,35,84
language_episode_retrieval,cross_embodiment,5,0.450000,0.025287,0.402659,0.003072,0.397545,0.006162,0.133386,0.002895,0.360620,0.005847,0.182358,0.001277,0.143418,0.001155,35,84
language_episode_retrieval,cross_embodiment,6,0.463605,0.026577,0.402616,0.002859,0.398193,0.006167,0.133358,0.002835,0.360022,0.005744,0.181673,0.001287,0.143621,0.001149,35,84
language_episode_retrieval,heldout_mechanism,0,0.492177,0.021622,0.407876,0.002957,0.385625,0.006120,0.129483,0.002847,0.363070,0.006068,0.179219,0.001365,0.141092,0.001353,35,84
language_episode_retrieval,heldout_mechanism,1,0.479592,0.027099,0.408299,0.002871,0.385593,0.006155,0.130160,0.002954,0.362508,0.005650,0.178904,0.001492,0.140830,0.001399,35,84
language_episode_retrieval,heldout_mechanism,2,0.479932,0.027052,0.408264,0.003183,0.384875,0.006124,0.130070,0.002896,0.363003,0.005873,0.179095,0.001334,0.141012,0.001303,35,84
language_episode_retrieval,heldout_mechanism,3,0.486395,0.024800,0.406857,0.003330,0.384843,0.006275,0.130138,0.002956,0.363471,0.006064,0.179428,0.001387,0.141207,0.001282,35,84
language_episode_retrieval,heldout_mechanism,4,0.467347,0.024563,0.407280,0.003129,0.384811,0.006157,0.130716,0.002869,0.363939,0.005912,0.179204,0.001295,0.141173,0.001338,35,84
language_episode_retrieval,heldout_mechanism,5,0.485034,0.022091,0.405416,0.002815,0.385465,0.006162,0.130153,0.002740,0.364894,0.005906,0.178923,0.001207,0.140694,0.001416,35,84
language_episode_retrieval,heldout_mechanism,6,0.486054,0.025008,0.405838,0.002841,0.385776,0.006086,0.129441,0.002469,0.364833,0.006126,0.179333,0.001236,0.140895,0.001318,35,84
language_episode_retrieval,heldout_object,0,0.519728,0.026577,0.411522,0.002865,0.372642,0.005898,0.126026,0.002886,0.368355,0.006224,0.176041,0.001444,0.138707,0.001050,35,84
language_episode_retrieval,heldout_object,1,0.498639,0.026350,0.410091,0.002651,0.372249,0.005818,0.125920,0.002762,0.367781,0.005788,0.176291,0.001503,0.138883,0.001086,35,84
language_episode_retrieval,heldout_object,2,0.498299,0.026042,0.410490,0.002614,0.371856,0.005951,0.125855,0.002664,0.366693,0.006323,0.176479,0.001481,0.139059,0.001107,35,84
language_episode_retrieval,heldout_object,3,0.505782,0.029303,0.411346,0.002607,0.371463,0.006186,0.125635,0.002891,0.366634,0.006423,0.176100,0.001416,0.137863,0.001350,35,84
language_episode_retrieval,heldout_object,4,0.513265,0.020264,0.412202,0.002601,0.371070,0.006191,0.125643,0.002835,0.367089,0.006298,0.176179,0.001284,0.138040,0.001441,35,84
language_episode_retrieval,heldout_object,5,0.486735,0.028598,0.411686,0.002666,0.371020,0.006206,0.125671,0.002591,0.368045,0.006286,0.176276,0.001340,0.137765,0.001480,35,84
language_episode_retrieval,heldout_object,6,0.510884,0.024074,0.412542,0.002660,0.371313,0.006164,0.125398,0.002761,0.366414,0.006008,0.176350,0.001312,0.137953,0.001441,35,84
language_episode_retrieval,seen_corpus,0,0.552721,0.018922,0.419134,0.002954,0.352054,0.006125,0.120337,0.002806,0.373607,0.006034,0.172535,0.001231,0.134223,0.001253,35,84
language_episode_retrieval,seen_corpus,1,0.544558,0.020027,0.418594,0.002762,0.352672,0.006130,0.120493,0.002911,0.373481,0.006027,0.172363,0.001443,0.134634,0.001255,35,84
language_episode_retrieval,seen_corpus,2,0.546259,0.021213,0.418054,0.002550,0.352604,0.006031,0.120629,0.002668,0.373381,0.006071,0.172739,0.001361,0.134575,0.001249,35,84
language_episode_retrieval,seen_corpus,3,0.566667,0.020830,0.417514,0.002449,0.352879,0.006239,0.120417,0.002704,0.373783,0.005969,0.171481,0.001340,0.133837,0.001236,35,84
language_episode_retrieval,seen_corpus,4,0.551701,0.023430,0.417431,0.002436,0.352468,0.006262,0.120403,0.002521,0.373697,0.005842,0.171405,0.001274,0.134001,0.001239,35,84
language_episode_retrieval,seen_corpus,5,0.552041,0.025364,0.417806,0.002663,0.352743,0.006189,0.120135,0.002477,0.373584,0.006027,0.171800,0.001305,0.134177,0.001224,35,84
language_episode_retrieval,seen_corpus,6,0.536395,0.022595,0.418181,0.002755,0.352332,0.005774,0.119907,0.002742,0.373498,0.006028,0.172419,0.001265,0.134112,0.001429,35,84
no_retrieval_controller,combined_stress,0,0.340816,0.019769,0.281051,0.002969,0.247221,0.003669,0.124509,0.002617,0.290484,0.005844,0.088343,0.001256,0.128659,0.001095,35,84
no_retrieval_controller,combined_stress,1,0.334354,0.019613,0.281434,0.002961,0.247502,0.003744,0.124610,0.002718,0.290380,0.005546,0.088608,0.001304,0.129068,0.001099,35,84
no_retrieval_controller,combined_stress,2,0.349320,0.021260,0.281359,0.002782,0.246754,0.003263,0.124205,0.002555,0.290316,0.005242,0.088574,0.001254,0.129001,0.001228,35,84
no_retrieval_controller,combined_stress,3,0.329252,0.023293,0.281285,0.002880,0.247035,0.003460,0.123663,0.002432,0.291241,0.005242,0.089030,0.001381,0.129410,0.001236,35,84
no_retrieval_controller,combined_stress,4,0.352041,0.018157,0.280295,0.003120,0.246972,0.003602,0.123382,0.002341,0.291665,0.005170,0.087972,0.001289,0.129356,0.001312,35,84
no_retrieval_controller,combined_stress,5,0.328912,0.019324,0.280678,0.002903,0.247596,0.003607,0.124071,0.002482,0.292576,0.005164,0.088242,0.001316,0.129542,0.001288,35,84
no_retrieval_controller,combined_stress,6,0.344218,0.020480,0.280146,0.002661,0.247877,0.003424,0.123736,0.002496,0.293501,0.005157,0.088203,0.001295,0.129723,0.001281,35,84
no_retrieval_controller,cross_embodiment,0,0.364286,0.024373,0.289219,0.003227,0.237501,0.003421,0.118494,0.002333,0.299603,0.005687,0.082760,0.001260,0.124569,0.001352,35,84
no_retrieval_controller,cross_embodiment,1,0.355442,0.020475,0.289152,0.003219,0.238131,0.003426,0.118673,0.002171,0.300008,0.005564,0.083063,0.001170,0.124302,0.001366,35,84
no_retrieval_controller,cross_embodiment,2,0.354422,0.026631,0.288171,0.002873,0.238417,0.003459,0.119126,0.002321,0.299913,0.005176,0.083257,0.001257,0.124258,0.001295,35,84
no_retrieval_controller,cross_embodiment,3,0.363265,0.017095,0.288104,0.002736,0.238704,0.003479,0.119154,0.002283,0.299817,0.005322,0.083084,0.001168,0.123756,0.001314,35,84
no_retrieval_controller,cross_embodiment,4,0.372449,0.018489,0.287123,0.002749,0.238648,0.003717,0.119150,0.002216,0.298706,0.006142,0.083134,0.001176,0.123477,0.001216,35,84
no_retrieval_controller,cross_embodiment,5,0.367347,0.026598,0.287513,0.002788,0.238592,0.003690,0.118288,0.002738,0.298624,0.006493,0.083157,0.001179,0.123656,0.001226,35,84
no_retrieval_controller,cross_embodiment,6,0.363946,0.019587,0.288361,0.002782,0.237850,0.003691,0.118255,0.002709,0.298570,0.006138,0.082926,0.000954,0.123822,0.001207,35,84
no_retrieval_controller,heldout_mechanism,0,0.384354,0.019571,0.292472,0.002779,0.232712,0.003786,0.115441,0.002652,0.302600,0.005523,0.080698,0.001035,0.121310,0.001268,35,84
no_retrieval_controller,heldout_mechanism,1,0.363946,0.019018,0.292413,0.002542,0.232662,0.003636,0.115804,0.002738,0.302527,0.005964,0.081167,0.001052,0.121492,0.001224,35,84
no_retrieval_controller,heldout_mechanism,2,0.384354,0.016418,0.292355,0.002827,0.232612,0.003525,0.115579,0.002467,0.303483,0.005944,0.081293,0.001000,0.121446,0.001103,35,84
no_retrieval_controller,heldout_mechanism,3,0.379932,0.017674,0.292296,0.003008,0.232905,0.003454,0.115877,0.002453,0.303396,0.006013,0.081538,0.001032,0.121406,0.000951,35,84
no_retrieval_controller,heldout_mechanism,4,0.384694,0.016534,0.292237,0.002834,0.233541,0.003459,0.116017,0.002556,0.303295,0.006010,0.081426,0.001051,0.121600,0.001010,35,84
no_retrieval_controller,heldout_mechanism,5,0.374150,0.018106,0.290806,0.002623,0.233491,0.003298,0.115954,0.002512,0.302708,0.005980,0.080614,0.001275,0.121554,0.001031,35,84
no_retrieval_controller,heldout_mechanism,6,0.377891,0.017595,0.291205,0.002587,0.233441,0.003358,0.115834,0.002402,0.302120,0.006121,0.080516,0.001348,0.121965,0.001036,35,84
no_retrieval_controller,heldout_object,0,0.382993,0.019191,0.296889,0.002559,0.226972,0.003558,0.112805,0.002512,0.305891,0.006046,0.078082,0.001287,0.119211,0.001220,35,84
no_retrieval_controller,heldout_object,1,0.372449,0.022096,0.296349,0.002462,0.227590,0.003562,0.113009,0.002514,0.306279,0.005948,0.078630,0.001398,0.119165,0.001212,35,84
no_retrieval_controller,heldout_object,2,0.386054,0.020810,0.296267,0.002447,0.226835,0.003779,0.113084,0.002498,0.306207,0.005809,0.077467,0.001315,0.118408,0.001202,35,84
no_retrieval_controller,heldout_object,3,0.391497,0.018494,0.296641,0.002674,0.227453,0.003784,0.112739,0.002037,0.306595,0.005788,0.077105,0.001149,0.118591,0.001203,35,84
no_retrieval_controller,heldout_object,4,0.387755,0.017749,0.297016,0.002765,0.227042,0.003490,0.112273,0.002207,0.306509,0.006123,0.077557,0.001156,0.118755,0.001186,35,84
no_retrieval_controller,heldout_object,5,0.385714,0.016211,0.297390,0.002771,0.227317,0.003302,0.112052,0.002297,0.306396,0.005815,0.077986,0.001127,0.118702,0.001388,35,84
no_retrieval_controller,heldout_object,6,0.397619,0.020984,0.296850,0.002832,0.227249,0.003318,0.111527,0.002455,0.307326,0.005796,0.077304,0.001191,0.117729,0.001341,35,84
no_retrieval_controller,seen_corpus,0,0.401361,0.018139,0.302386,0.002721,0.218391,0.003620,0.108394,0.002449,0.311885,0.006159,0.074638,0.001231,0.114572,0.001228,35,84
no_retrieval_controller,seen_corpus,1,0.410204,0.020679,0.302737,0.002465,0.218648,0.003433,0.108171,0.002387,0.312260,0.005990,0.074673,0.001239,0.114736,0.001186,35,84
no_retrieval_controller,seen_corpus,2,0.416327,0.019286,0.303545,0.002460,0.219248,0.003438,0.108486,0.002447,0.313136,0.005984,0.074061,0.001155,0.114677,0.001049,35,84
no_retrieval_controller,seen_corpus,3,0.396259,0.022608,0.303438,0.002345,0.219505,0.003396,0.108612,0.002428,0.312997,0.005987,0.074501,0.001151,0.114384,0.001233,35,84
no_retrieval_controller,seen_corpus,4,0.414626,0.020859,0.303789,0.002469,0.220105,0.003401,0.107996,0.002475,0.312843,0.005596,0.074403,0.001291,0.114783,0.001236,35,84
no_retrieval_controller,seen_corpus,5,0.416667,0.016513,0.304139,0.002543,0.220019,0.003587,0.108112,0.002284,0.312718,0.005794,0.074305,0.001325,0.114940,0.001286,35,84
no_retrieval_controller,seen_corpus,6,0.408503,0.016645,0.304033,0.002727,0.220276,0.003679,0.108458,0.002325,0.312578,0.005892,0.074579,0.001233,0.114647,0.001316,35,84
oracle_mechanism_retrieval,combined_stress,0,0.754422,0.019086,0.687331,0.002565,0.055622,0.002194,0.045287,0.002569,0.638574,0.005458,0.184281,0.001269,0.050311,0.001029,35,84
oracle_mechanism_retrieval,combined_stress,1,0.778912,0.016100,0.686822,0.002718,0.055578,0.002329,0.044757,0.002548,0.639024,0.005605,0.183896,0.001151,0.049811,0.001343,35,84
oracle_mechanism_retrieval,combined_stress,2,0.758163,0.014373,0.687229,0.002674,0.056220,0.002334,0.045411,0.002419,0.638418,0.006129,0.184603,0.001160,0.049324,0.001346,35,84
oracle_mechanism_retrieval,combined_stress,3,0.759864,0.020099,0.687178,0.002886,0.056519,0.002424,0.044905,0.002501,0.638854,0.006071,0.184766,0.001165,0.049517,0.001388,35,84
oracle_mechanism_retrieval,combined_stress,4,0.768367,0.018158,0.687128,0.002692,0.056132,0.002543,0.044668,0.002223,0.638803,0.006405,0.184149,0.001252,0.049697,0.001354,35,84
oracle_mechanism_retrieval,combined_stress,5,0.769048,0.016183,0.687992,0.002685,0.056431,0.002484,0.044868,0.002236,0.638211,0.006437,0.183640,0.001149,0.049661,0.001238,35,84
oracle_mechanism_retrieval,combined_stress,6,0.753741,0.018345,0.688398,0.002671,0.056044,0.002523,0.045108,0.002287,0.638160,0.006565,0.183813,0.001110,0.050070,0.001239,35,84
oracle_mechanism_retrieval,cross_embodiment,0,0.775510,0.018329,0.695274,0.002721,0.052900,0.002566,0.040419,0.002429,0.644588,0.006178,0.179077,0.001125,0.044634,0.001422,35,84
oracle_mechanism_retrieval,cross_embodiment,1,0.773129,0.017792,0.696146,0.002714,0.053548,0.002571,0.040024,0.002469,0.645019,0.006367,0.179302,0.001157,0.044608,0.001437,35,84
oracle_mechanism_retrieval,cross_embodiment,2,0.768027,0.015845,0.696560,0.002820,0.053167,0.002438,0.040064,0.002316,0.644463,0.006029,0.179107,0.000953,0.044564,0.001360,35,84
oracle_mechanism_retrieval,cross_embodiment,3,0.764966,0.018284,0.696518,0.003157,0.053472,0.002458,0.040572,0.002416,0.644908,0.005953,0.179341,0.001060,0.044303,0.001318,35,84
oracle_mechanism_retrieval,cross_embodiment,4,0.784354,0.017292,0.695560,0.003010,0.053091,0.002479,0.040351,0.002448,0.645896,0.005950,0.179261,0.001136,0.044259,0.001166,35,84
oracle_mechanism_retrieval,cross_embodiment,5,0.782313,0.015994,0.694603,0.003072,0.053396,0.002439,0.039924,0.002292,0.646341,0.005820,0.179710,0.001097,0.044227,0.001103,35,84
oracle_mechanism_retrieval,cross_embodiment,6,0.776190,0.018910,0.694560,0.002859,0.054044,0.002443,0.040291,0.002230,0.645743,0.005722,0.179300,0.001051,0.044430,0.001096,35,84
oracle_mechanism_retrieval,heldout_mechanism,0,0.775510,0.020137,0.699820,0.002957,0.052539,0.002418,0.037831,0.002387,0.648348,0.006036,0.177256,0.001217,0.042101,0.001299,35,84
oracle_mechanism_retrieval,heldout_mechanism,1,0.792517,0.019162,0.700243,0.002871,0.052507,0.002462,0.037916,0.002470,0.647787,0.005624,0.176527,0.001347,0.041838,0.001342,35,84
oracle_mechanism_retrieval,heldout_mechanism,2,0.785034,0.017869,0.700208,0.003183,0.052132,0.002412,0.038009,0.002368,0.648268,0.005846,0.176827,0.001223,0.041798,0.001221,35,84
oracle_mechanism_retrieval,heldout_mechanism,3,0.789796,0.018523,0.698801,0.003330,0.051757,0.002550,0.038085,0.002338,0.648750,0.006035,0.177185,0.001224,0.042215,0.001228,35,84
oracle_mechanism_retrieval,heldout_mechanism,4,0.773129,0.017454,0.699224,0.003129,0.051725,0.002437,0.038615,0.002381,0.649732,0.006014,0.176927,0.001160,0.042181,0.001282,35,84
oracle_mechanism_retrieval,heldout_mechanism,5,0.773810,0.018745,0.697360,0.002815,0.052379,0.002441,0.038392,0.002298,0.650172,0.005873,0.176884,0.001127,0.041702,0.001357,35,84
oracle_mechanism_retrieval,heldout_mechanism,6,0.791156,0.016187,0.697782,0.002841,0.052690,0.002388,0.037353,0.001888,0.650112,0.006084,0.177066,0.001017,0.041903,0.001261,35,84
oracle_mechanism_retrieval,heldout_object,0,0.781973,0.016227,0.703466,0.002865,0.051796,0.002222,0.035714,0.002421,0.653144,0.006187,0.174374,0.001328,0.039936,0.001000,35,84
oracle_mechanism_retrieval,heldout_object,1,0.783333,0.017053,0.702035,0.002651,0.051403,0.002179,0.035158,0.002204,0.652570,0.005755,0.174309,0.001326,0.040112,0.001038,35,84
oracle_mechanism_retrieval,heldout_object,2,0.793537,0.020155,0.702434,0.002614,0.051010,0.002313,0.034883,0.002203,0.651482,0.006294,0.174350,0.001337,0.040288,0.001059,35,84
oracle_mechanism_retrieval,heldout_object,3,0.772449,0.017606,0.703290,0.002607,0.050617,0.002529,0.035234,0.002360,0.651422,0.006396,0.174371,0.001263,0.039092,0.001297,35,84
oracle_mechanism_retrieval,heldout_object,4,0.790476,0.016684,0.704146,0.002601,0.050224,0.002538,0.035031,0.002323,0.651878,0.006268,0.174302,0.001124,0.039268,0.001384,35,84
oracle_mechanism_retrieval,heldout_object,5,0.788095,0.018069,0.703630,0.002666,0.050174,0.002530,0.034577,0.002020,0.652834,0.006256,0.174061,0.001156,0.038994,0.001421,35,84
oracle_mechanism_retrieval,heldout_object,6,0.781633,0.017585,0.704486,0.002660,0.050467,0.002486,0.034915,0.002141,0.651203,0.005981,0.174564,0.001122,0.039182,0.001383,35,84
oracle_mechanism_retrieval,seen_corpus,0,0.793537,0.015123,0.711078,0.002954,0.048258,0.002431,0.031732,0.002327,0.657714,0.005997,0.171167,0.001153,0.035759,0.001199,35,84
oracle_mechanism_retrieval,seen_corpus,1,0.800680,0.016770,0.710538,0.002762,0.048876,0.002436,0.031582,0.002449,0.657587,0.006006,0.170781,0.001307,0.036170,0.001202,35,84
oracle_mechanism_retrieval,seen_corpus,2,0.801701,0.016090,0.709998,0.002550,0.048808,0.002339,0.031732,0.002267,0.657488,0.006043,0.171167,0.001262,0.036111,0.001197,35,84
oracle_mechanism_retrieval,seen_corpus,3,0.791497,0.016988,0.709458,0.002449,0.049426,0.002343,0.032157,0.002230,0.657876,0.005943,0.170338,0.001270,0.035379,0.001186,35,84
oracle_mechanism_retrieval,seen_corpus,4,0.795918,0.015722,0.709375,0.002436,0.048672,0.002542,0.031730,0.001969,0.657804,0.005800,0.169990,0.001148,0.035537,0.001190,35,84
oracle_mechanism_retrieval,seen_corpus,5,0.789116,0.017471,0.709750,0.002663,0.048947,0.002485,0.031605,0.002001,0.657691,0.005977,0.170485,0.001186,0.035713,0.001176,35,84
oracle_mechanism_retrieval,seen_corpus,6,0.803061,0.014983,0.710125,0.002755,0.048536,0.002083,0.030784,0.002227,0.658120,0.006112,0.170690,0.001156,0.035648,0.001374,35,84
proposed_mechanism_retrieval_controller,combined_stress,0,0.659864,0.023182,0.609826,0.003002,0.119584,0.002628,0.065179,0.002434,0.572568,0.005627,0.239793,0.001278,0.069736,0.001008,35,84
proposed_mechanism_retrieval_controller,combined_stress,1,0.666667,0.020694,0.610336,0.002995,0.119618,0.002621,0.065288,0.002377,0.571589,0.005388,0.239708,0.001104,0.069976,0.000963,35,84
proposed_mechanism_retrieval_controller,combined_stress,2,0.670748,0.023391,0.610390,0.003014,0.118966,0.002871,0.065401,0.002475,0.572180,0.005293,0.239890,0.001164,0.069975,0.001096,35,84
proposed_mechanism_retrieval_controller,combined_stress,3,0.663605,0.014070,0.608613,0.003426,0.118314,0.003148,0.065510,0.002307,0.571228,0.005058,0.240001,0.001152,0.069745,0.001266,35,84
proposed_mechanism_retrieval_controller,combined_stress,4,0.659524,0.022882,0.608209,0.003369,0.119034,0.003154,0.065203,0.002529,0.570221,0.005876,0.239611,0.001351,0.069997,0.001178,35,84
proposed_mechanism_retrieval_controller,combined_stress,5,0.661905,0.017277,0.608263,0.003575,0.118382,0.003304,0.064892,0.002484,0.569269,0.005813,0.239589,0.001318,0.069996,0.001239,35,84
proposed_mechanism_retrieval_controller,combined_stress,6,0.672789,0.018924,0.607859,0.002921,0.117730,0.003359,0.064411,0.002479,0.568317,0.005871,0.238989,0.001329,0.069995,0.001247,35,84
proposed_mechanism_retrieval_controller,cross_embodiment,0,0.694558,0.015687,0.617712,0.002797,0.112963,0.002959,0.059260,0.002602,0.578160,0.005874,0.235285,0.001069,0.064875,0.001196,35,84
proposed_mechanism_retrieval_controller,cross_embodiment,1,0.664626,0.021120,0.616401,0.002886,0.113003,0.002895,0.059880,0.002466,0.578218,0.005671,0.235032,0.001250,0.065119,0.001157,35,84
proposed_mechanism_retrieval_controller,cross_embodiment,2,0.681973,0.024734,0.616920,0.002950,0.112700,0.002897,0.059529,0.002257,0.578805,0.005813,0.234804,0.001289,0.065128,0.001185,35,84
proposed_mechanism_retrieval_controller,cross_embodiment,3,0.679932,0.023891,0.616981,0.002987,0.112739,0.002921,0.059591,0.002175,0.576805,0.006096,0.234619,0.001262,0.065143,0.001126,35,84
proposed_mechanism_retrieval_controller,cross_embodiment,4,0.684694,0.020074,0.617043,0.003169,0.112093,0.002583,0.059466,0.002247,0.576376,0.006632,0.234795,0.001214,0.065146,0.001143,35,84
proposed_mechanism_retrieval_controller,cross_embodiment,5,0.667687,0.018134,0.617561,0.003134,0.111447,0.002618,0.059777,0.002215,0.575947,0.006113,0.234591,0.001092,0.064692,0.001261,35,84
proposed_mechanism_retrieval_controller,cross_embodiment,6,0.680952,0.018789,0.618080,0.003126,0.111487,0.002431,0.059533,0.002044,0.576520,0.006176,0.234648,0.001021,0.064479,0.001143,35,84
proposed_mechanism_retrieval_controller,heldout_mechanism,0,0.691837,0.016340,0.622679,0.002713,0.108912,0.003159,0.055974,0.002603,0.580997,0.005629,0.232798,0.001362,0.062486,0.001283,35,84
proposed_mechanism_retrieval_controller,heldout_mechanism,1,0.686054,0.016208,0.621376,0.003075,0.108957,0.003167,0.056344,0.002500,0.581064,0.005368,0.232440,0.001370,0.062276,0.001259,35,84
proposed_mechanism_retrieval_controller,heldout_mechanism,2,0.687415,0.021030,0.620531,0.002715,0.109346,0.003128,0.056369,0.002444,0.581632,0.005563,0.232439,0.001420,0.062073,0.001330,35,84
proposed_mechanism_retrieval_controller,heldout_mechanism,3,0.675170,0.017366,0.619685,0.002835,0.109392,0.002917,0.056640,0.002294,0.582214,0.005399,0.232629,0.001247,0.062322,0.001428,35,84
proposed_mechanism_retrieval_controller,heldout_mechanism,4,0.695238,0.016848,0.619755,0.002671,0.109438,0.002959,0.056265,0.002106,0.581766,0.005157,0.232138,0.001017,0.062112,0.001374,35,84
proposed_mechanism_retrieval_controller,heldout_mechanism,5,0.674830,0.015770,0.619367,0.002595,0.109827,0.002981,0.056725,0.002143,0.581305,0.005765,0.232214,0.000979,0.061909,0.001426,35,84
proposed_mechanism_retrieval_controller,heldout_mechanism,6,0.705442,0.020591,0.620351,0.002589,0.109530,0.003017,0.056570,0.002252,0.580357,0.006263,0.232262,0.001071,0.061923,0.001250,35,84
proposed_mechanism_retrieval_controller,heldout_object,0,0.692177,0.016981,0.624812,0.002475,0.106288,0.003043,0.054682,0.002443,0.586224,0.005632,0.230159,0.001247,0.059530,0.001178,35,84
proposed_mechanism_retrieval_controller,heldout_object,1,0.705102,0.016598,0.623485,0.002332,0.106315,0.003132,0.054894,0.002393,0.585750,0.005255,0.229756,0.001195,0.059308,0.001189,35,84
proposed_mechanism_retrieval_controller,heldout_object,2,0.692177,0.019954,0.623987,0.002521,0.106686,0.003102,0.054733,0.002465,0.584748,0.005805,0.229715,0.001110,0.059779,0.001192,35,84
proposed_mechanism_retrieval_controller,heldout_object,3,0.692857,0.021321,0.624033,0.002774,0.106371,0.003060,0.053792,0.002471,0.585832,0.005794,0.229255,0.001163,0.059780,0.001162,35,84
proposed_mechanism_retrieval_controller,heldout_object,4,0.709864,0.018501,0.624078,0.002965,0.106056,0.003180,0.053667,0.002516,0.584857,0.006191,0.229481,0.001134,0.059552,0.001274,35,84
proposed_mechanism_retrieval_controller,heldout_object,5,0.694558,0.020869,0.624123,0.003024,0.106427,0.003356,0.054241,0.002686,0.584370,0.006152,0.229702,0.001264,0.059337,0.001181,35,84
proposed_mechanism_retrieval_controller,heldout_object,6,0.699660,0.020181,0.624168,0.002825,0.106112,0.003257,0.054126,0.002632,0.584424,0.006330,0.229408,0.001393,0.059109,0.001120,35,84
proposed_mechanism_retrieval_controller,seen_corpus,0,0.706463,0.018399,0.632139,0.002700,0.101778,0.002964,0.050201,0.002246,0.590512,0.005979,0.225857,0.001051,0.054507,0.001233,35,84
proposed_mechanism_retrieval_controller,seen_corpus,1,0.699320,0.016743,0.632160,0.002606,0.101788,0.002983,0.050344,0.002247,0.590012,0.005646,0.225952,0.001040,0.054730,0.001228,35,84
proposed_mechanism_retrieval_controller,seen_corpus,2,0.709524,0.018554,0.632181,0.002808,0.101798,0.002825,0.049910,0.002207,0.590541,0.005782,0.226261,0.000961,0.055182,0.001229,35,84
proposed_mechanism_retrieval_controller,seen_corpus,3,0.715986,0.016846,0.632660,0.002718,0.101464,0.002611,0.049297,0.002279,0.591084,0.005933,0.226165,0.000966,0.054942,0.001083,35,84
proposed_mechanism_retrieval_controller,seen_corpus,4,0.720748,0.018309,0.632681,0.002765,0.101817,0.002703,0.049456,0.002446,0.590570,0.005947,0.226093,0.001017,0.055172,0.001121,35,84
proposed_mechanism_retrieval_controller,seen_corpus,5,0.720748,0.019448,0.631787,0.002717,0.102170,0.002905,0.049710,0.002326,0.591600,0.005936,0.226316,0.001079,0.055173,0.001075,35,84
proposed_mechanism_retrieval_controller,seen_corpus,6,0.711565,0.021391,0.631809,0.002687,0.101837,0.002930,0.049867,0.002582,0.591113,0.005535,0.226668,0.001191,0.055619,0.001076,35,84
retrieved_context_behavior_clone,combined_stress,0,0.557143,0.026523,0.467442,0.002718,0.297678,0.004593,0.111460,0.002620,0.426623,0.005834,0.228441,0.001264,0.115237,0.001196,35,84
retrieved_context_behavior_clone,combined_stress,1,0.537075,0.024120,0.467440,0.002429,0.298013,0.004511,0.112102,0.002505,0.426598,0.005967,0.228704,0.001433,0.115683,0.001197,35,84
retrieved_context_behavior_clone,combined_stress,2,0.528912,0.022683,0.468352,0.002423,0.298348,0.004522,0.112506,0.002554,0.427087,0.005795,0.228801,0.001279,0.116129,0.001202,35,84
retrieved_context_behavior_clone,combined_stress,3,0.528912,0.019114,0.468806,0.002528,0.298340,0.004532,0.112720,0.002509,0.427590,0.005932,0.228555,0.001194,0.116111,0.001180,35,84
retrieved_context_behavior_clone,combined_stress,4,0.530272,0.019982,0.468803,0.002275,0.298332,0.004745,0.112451,0.002561,0.428607,0.005923,0.228747,0.001101,0.116551,0.001187,35,84
retrieved_context_behavior_clone,combined_stress,5,0.530272,0.020768,0.468343,0.002552,0.299010,0.004750,0.112259,0.002505,0.428568,0.005903,0.228730,0.001155,0.116546,0.001322,35,84
retrieved_context_behavior_clone,combined_stress,6,0.517687,0.022563,0.468341,0.002665,0.299688,0.004756,0.112549,0.002687,0.429043,0.005910,0.229118,0.001335,0.116541,0.001239,35,84
retrieved_context_behavior_clone,cross_embodiment,0,0.580612,0.023355,0.475852,0.002479,0.281029,0.004737,0.105047,0.002420,0.433205,0.005604,0.223437,0.001201,0.110685,0.001076,35,84
retrieved_context_behavior_clone,cross_embodiment,1,0.560884,0.025196,0.476315,0.002472,0.281027,0.004741,0.105432,0.002466,0.433716,0.005463,0.223700,0.001232,0.110901,0.001056,35,84
retrieved_context_behavior_clone,cross_embodiment,2,0.572449,0.025134,0.475405,0.002671,0.281368,0.004935,0.104531,0.002777,0.434728,0.005460,0.223296,0.001272,0.111122,0.001071,35,84
retrieved_context_behavior_clone,cross_embodiment,3,0.568367,0.025477,0.475868,0.002868,0.281709,0.004938,0.104857,0.002726,0.434712,0.005853,0.223568,0.001281,0.111572,0.001072,35,84
retrieved_context_behavior_clone,cross_embodiment,4,0.577551,0.021967,0.475873,0.002836,0.282393,0.004943,0.105173,0.002788,0.434681,0.005446,0.223426,0.001429,0.111114,0.001176,35,84
retrieved_context_behavior_clone,cross_embodiment,5,0.574150,0.025147,0.476336,0.003021,0.282391,0.004891,0.105460,0.002737,0.434164,0.005575,0.223689,0.001430,0.110872,0.001120,35,84
retrieved_context_behavior_clone,cross_embodiment,6,0.578912,0.023158,0.476798,0.002930,0.282046,0.004996,0.105558,0.002756,0.434174,0.005740,0.222694,0.001520,0.110852,0.001246,35,84
retrieved_context_behavior_clone,heldout_mechanism,0,0.578912,0.019014,0.480241,0.002761,0.273155,0.004769,0.102994,0.002688,0.437088,0.005840,0.220646,0.000847,0.107938,0.001209,35,84
retrieved_context_behavior_clone,heldout_mechanism,1,0.584354,0.023613,0.479339,0.002495,0.272473,0.004712,0.102371,0.002782,0.437635,0.006065,0.220561,0.001046,0.108145,0.001106,35,84
retrieved_context_behavior_clone,heldout_mechanism,2,0.588095,0.022336,0.480267,0.002489,0.273163,0.004717,0.101886,0.002531,0.437614,0.005765,0.220042,0.001119,0.108606,0.001108,35,84
retrieved_context_behavior_clone,heldout_mechanism,3,0.586054,0.022598,0.480280,0.002585,0.273510,0.004640,0.101261,0.002700,0.437606,0.005787,0.219832,0.001280,0.108145,0.000981,35,84
retrieved_context_behavior_clone,heldout_mechanism,4,0.586395,0.025763,0.480294,0.002708,0.273514,0.004761,0.101478,0.002774,0.437612,0.005788,0.220275,0.001301,0.107907,0.000856,35,84
retrieved_context_behavior_clone,heldout_mechanism,5,0.598299,0.024822,0.480307,0.002693,0.273518,0.004916,0.101692,0.002750,0.437617,0.005534,0.220328,0.001340,0.107669,0.001005,35,84
retrieved_context_behavior_clone,heldout_mechanism,6,0.595238,0.019557,0.480778,0.002898,0.273522,0.005019,0.101748,0.002483,0.437109,0.005480,0.220819,0.001227,0.107431,0.001095,35,84
retrieved_context_behavior_clone,heldout_object,0,0.612925,0.019659,0.486917,0.002399,0.265169,0.004990,0.099240,0.002521,0.443011,0.006005,0.217750,0.001236,0.105557,0.001284,35,84
retrieved_context_behavior_clone,heldout_object,1,0.611565,0.018844,0.486907,0.002931,0.265498,0.005024,0.099045,0.002549,0.441433,0.005897,0.217977,0.001250,0.105542,0.001219,35,84
retrieved_context_behavior_clone,heldout_object,2,0.592857,0.023251,0.485066,0.002954,0.264111,0.004776,0.099527,0.002708,0.441982,0.005758,0.218446,0.001260,0.105496,0.001243,35,84
retrieved_context_behavior_clone,heldout_object,3,0.615646,0.016501,0.484141,0.002927,0.263754,0.004461,0.099256,0.002487,0.442489,0.005922,0.218334,0.001164,0.105010,0.001227,35,84
retrieved_context_behavior_clone,heldout_object,4,0.600340,0.024129,0.482758,0.002985,0.264426,0.004466,0.099595,0.002516,0.440898,0.006074,0.218984,0.001207,0.105001,0.001301,35,84
retrieved_context_behavior_clone,heldout_object,5,0.609524,0.017711,0.482290,0.002715,0.264755,0.004502,0.098961,0.002332,0.441378,0.005976,0.218834,0.001089,0.104986,0.001229,35,84
retrieved_context_behavior_clone,heldout_object,6,0.610204,0.021799,0.482736,0.002636,0.263369,0.004045,0.098369,0.002462,0.440898,0.006159,0.218117,0.001192,0.105397,0.001226,35,84
retrieved_context_behavior_clone,seen_corpus,0,0.638095,0.022047,0.490070,0.002606,0.250506,0.004766,0.093980,0.002501,0.447125,0.005692,0.214411,0.001119,0.100780,0.001135,35,84
retrieved_context_behavior_clone,seen_corpus,1,0.644218,0.018934,0.490950,0.002600,0.250817,0.004770,0.094080,0.002584,0.446550,0.005953,0.214291,0.001111,0.101210,0.001140,35,84
retrieved_context_behavior_clone,seen_corpus,2,0.650340,0.023491,0.490916,0.002661,0.251128,0.004725,0.093723,0.002646,0.445975,0.005835,0.214630,0.001053,0.101182,0.001292,35,84
retrieved_context_behavior_clone,seen_corpus,3,0.649660,0.019727,0.491796,0.002655,0.250753,0.004682,0.093908,0.002560,0.446971,0.005817,0.214606,0.000961,0.101142,0.001209,35,84
retrieved_context_behavior_clone,seen_corpus,4,0.642177,0.020693,0.491761,0.002405,0.250377,0.004640,0.094000,0.002775,0.447453,0.005693,0.214677,0.001047,0.101102,0.001146,35,84
retrieved_context_behavior_clone,seen_corpus,5,0.646939,0.018792,0.491726,0.002736,0.251031,0.004645,0.093924,0.002577,0.447893,0.005836,0.214349,0.001117,0.101309,0.001103,35,84
retrieved_context_behavior_clone,seen_corpus,6,0.634694,0.016617,0.491234,0.002851,0.251342,0.004728,0.093934,0.002451,0.447833,0.006228,0.214258,0.001305,0.101738,0.001106,35,84
state_nearest_memory,combined_stress,0,0.501020,0.030361,0.452181,0.002529,0.325366,0.004883,0.117532,0.002899,0.404352,0.005492,0.207844,0.001291,0.124496,0.001272,35,84
state_nearest_memory,combined_stress,1,0.514626,0.024688,0.452082,0.002767,0.325972,0.004889,0.117244,0.002755,0.405237,0.005487,0.207588,0.001225,0.124670,0.001186,35,84
state_nearest_memory,combined_stress,2,0.511565,0.023732,0.450154,0.003128,0.325892,0.005124,0.117467,0.002791,0.405120,0.005848,0.208023,0.001270,0.124832,0.001156,35,84
state_nearest_memory,combined_stress,3,0.484354,0.023524,0.450512,0.002886,0.326498,0.005130,0.117767,0.002818,0.405490,0.006050,0.208338,0.001263,0.124777,0.001148,35,84
state_nearest_memory,combined_stress,4,0.494558,0.023320,0.450871,0.002844,0.326418,0.005252,0.117952,0.002826,0.405888,0.006218,0.208359,0.001351,0.124482,0.001170,35,84
state_nearest_memory,combined_stress,5,0.489116,0.026910,0.450772,0.002870,0.326681,0.005192,0.118020,0.002773,0.406272,0.006031,0.208141,0.001352,0.124650,0.001072,35,84
state_nearest_memory,combined_stress,6,0.483673,0.025292,0.451131,0.002857,0.326944,0.005165,0.118316,0.002744,0.404598,0.006244,0.207923,0.001234,0.124818,0.001190,35,84
state_nearest_memory,cross_embodiment,0,0.541837,0.020323,0.459200,0.003138,0.309000,0.005268,0.110784,0.002905,0.412446,0.005988,0.202588,0.001305,0.119026,0.001231,35,84
state_nearest_memory,cross_embodiment,1,0.542517,0.023901,0.460024,0.003132,0.308583,0.005268,0.110225,0.002839,0.411322,0.006013,0.202746,0.001250,0.118957,0.001245,35,84
state_nearest_memory,cross_embodiment,2,0.524490,0.019950,0.460391,0.003128,0.308509,0.005108,0.110751,0.002706,0.410700,0.006185,0.203166,0.001183,0.119352,0.001246,35,84
state_nearest_memory,cross_embodiment,3,0.544558,0.028414,0.460757,0.003139,0.307748,0.005135,0.110692,0.002801,0.411133,0.006034,0.203052,0.001340,0.119048,0.001260,35,84
state_nearest_memory,cross_embodiment,4,0.524490,0.021559,0.458837,0.002796,0.307331,0.004965,0.110777,0.002814,0.411554,0.005956,0.203271,0.001286,0.119208,0.001268,35,84
state_nearest_memory,cross_embodiment,5,0.550340,0.026233,0.458747,0.002529,0.307600,0.004987,0.110451,0.002766,0.411946,0.006161,0.202848,0.001375,0.119151,0.001214,35,84
state_nearest_memory,cross_embodiment,6,0.546599,0.022502,0.458656,0.002460,0.307869,0.004946,0.110717,0.002613,0.411824,0.005881,0.203068,0.001278,0.119324,0.001192,35,84
state_nearest_memory,heldout_mechanism,0,0.554422,0.021224,0.462990,0.002458,0.298929,0.005116,0.108439,0.002531,0.415743,0.005821,0.199527,0.001341,0.116626,0.001215,35,84
state_nearest_memory,heldout_mechanism,1,0.555782,0.019505,0.463364,0.002686,0.299204,0.005043,0.108379,0.002263,0.415629,0.006004,0.199450,0.001196,0.116802,0.001215,35,84
state_nearest_memory,heldout_mechanism,2,0.548639,0.024730,0.463739,0.002776,0.299136,0.004819,0.107777,0.002724,0.416045,0.006135,0.199950,0.001331,0.116515,0.001399,35,84
state_nearest_memory,heldout_mechanism,3,0.558503,0.022885,0.464114,0.002781,0.299068,0.004550,0.107064,0.002525,0.415945,0.005821,0.199755,0.001335,0.116685,0.001384,35,84
state_nearest_memory,heldout_mechanism,4,0.563605,0.024815,0.463573,0.002844,0.299343,0.004648,0.107158,0.002710,0.416861,0.005809,0.199626,0.001264,0.115718,0.001296,35,84
state_nearest_memory,heldout_mechanism,5,0.557143,0.021725,0.463491,0.002961,0.299275,0.004679,0.107686,0.002620,0.417276,0.005633,0.199888,0.001131,0.115659,0.001225,35,84
state_nearest_memory,heldout_mechanism,6,0.551701,0.016841,0.462036,0.003137,0.299893,0.004685,0.107788,0.002594,0.417150,0.006128,0.200364,0.001051,0.116070,0.001228,35,84
state_nearest_memory,heldout_object,0,0.570748,0.026161,0.467721,0.003030,0.290062,0.004991,0.104685,0.002659,0.420027,0.005776,0.197735,0.001222,0.113942,0.001327,35,84
state_nearest_memory,heldout_object,1,0.576871,0.023825,0.468529,0.003025,0.289976,0.004949,0.104034,0.002464,0.419901,0.005858,0.197351,0.001097,0.113643,0.001302,35,84
state_nearest_memory,heldout_object,2,0.582313,0.024055,0.467965,0.003461,0.289204,0.004862,0.103802,0.002562,0.419803,0.005483,0.197206,0.001201,0.113559,0.001173,35,84
state_nearest_memory,heldout_object,3,0.569048,0.022409,0.466943,0.003306,0.289117,0.004895,0.103767,0.002776,0.420192,0.005624,0.197322,0.001316,0.113717,0.001169,35,84
state_nearest_memory,heldout_object,4,0.584694,0.024044,0.466379,0.003053,0.289374,0.004856,0.103865,0.002794,0.418509,0.005634,0.197491,0.001347,0.113653,0.001163,35,84
state_nearest_memory,heldout_object,5,0.569728,0.023297,0.465815,0.002811,0.289288,0.005253,0.104321,0.002864,0.417869,0.005914,0.197631,0.001397,0.113582,0.001166,35,84
state_nearest_memory,heldout_object,6,0.599320,0.025506,0.466623,0.002805,0.288173,0.005187,0.103809,0.002988,0.418299,0.005833,0.197376,0.001327,0.113263,0.001130,35,84
state_nearest_memory,seen_corpus,0,0.611224,0.021000,0.473847,0.002818,0.275150,0.005035,0.099444,0.002821,0.425952,0.005680,0.193838,0.000914,0.109503,0.001136,35,84
state_nearest_memory,seen_corpus,1,0.630272,0.023135,0.474631,0.002811,0.275389,0.004963,0.098546,0.002757,0.425272,0.005572,0.193490,0.001054,0.109655,0.001090,35,84
state_nearest_memory,seen_corpus,2,0.613946,0.023003,0.474043,0.002991,0.275285,0.004702,0.099016,0.002686,0.426149,0.005558,0.193637,0.001070,0.110029,0.001091,35,84
state_nearest_memory,seen_corpus,3,0.619728,0.023016,0.473454,0.002949,0.274838,0.005034,0.098789,0.002641,0.426525,0.005700,0.193703,0.001081,0.109711,0.001102,35,84
state_nearest_memory,seen_corpus,4,0.614626,0.021306,0.473781,0.003143,0.275420,0.005040,0.098400,0.002681,0.425831,0.005619,0.193922,0.001069,0.109640,0.000973,35,84
state_nearest_memory,seen_corpus,5,0.618367,0.023469,0.474108,0.002929,0.275659,0.005126,0.098495,0.002661,0.425151,0.005932,0.193560,0.001144,0.109792,0.000853,35,84
state_nearest_memory,seen_corpus,6,0.615306,0.022079,0.473977,0.002945,0.275212,0.005171,0.098445,0.002683,0.425528,0.006067,0.193750,0.001259,0.109702,0.001008,35,84
uncertainty_gated_retrieval,combined_stress,0,0.527211,0.024135,0.498839,0.002898,0.226103,0.004219,0.094702,0.002653,0.468935,0.005719,0.285427,0.001265,0.096202,0.001125,35,84
uncertainty_gated_retrieval,combined_stress,1,0.547959,0.018757,0.498339,0.003099,0.226751,0.004224,0.094302,0.002543,0.469366,0.005548,0.285100,0.001054,0.096634,0.001128,35,84
uncertainty_gated_retrieval,combined_stress,2,0.529252,0.017386,0.498296,0.002888,0.225684,0.003987,0.094792,0.002518,0.469866,0.005775,0.285781,0.001071,0.096806,0.001142,35,84
uncertainty_gated_retrieval,combined_stress,3,0.533333,0.025859,0.498711,0.002775,0.225989,0.004067,0.094700,0.002548,0.469283,0.005292,0.285916,0.001162,0.096774,0.001220,35,84
uncertainty_gated_retrieval,combined_stress,4,0.543197,0.021155,0.499125,0.002522,0.226294,0.003894,0.094720,0.002452,0.469213,0.005515,0.285740,0.001248,0.096742,0.001151,35,84
uncertainty_gated_retrieval,combined_stress,5,0.529252,0.023710,0.499997,0.002517,0.225913,0.004006,0.095395,0.002472,0.468657,0.005796,0.285898,0.001188,0.096698,0.001074,35,84
uncertainty_gated_retrieval,combined_stress,6,0.540136,0.020361,0.499955,0.002714,0.225875,0.003780,0.094912,0.002332,0.469116,0.005876,0.285251,0.001131,0.097117,0.001071,35,84
uncertainty_gated_retrieval,cross_embodiment,0,0.552721,0.020366,0.507165,0.002579,0.213136,0.004063,0.089168,0.002495,0.475789,0.005912,0.280810,0.001073,0.091447,0.001164,35,84
uncertainty_gated_retrieval,cross_embodiment,1,0.555442,0.016511,0.507588,0.002662,0.213447,0.004021,0.088879,0.002584,0.475214,0.005792,0.281196,0.001075,0.091419,0.001180,35,84
uncertainty_gated_retrieval,cross_embodiment,2,0.557823,0.019467,0.508010,0.002424,0.213072,0.003981,0.089002,0.002642,0.475695,0.005658,0.280901,0.001121,0.091607,0.001190,35,84
uncertainty_gated_retrieval,cross_embodiment,3,0.568027,0.020684,0.508433,0.002409,0.212697,0.003934,0.088741,0.002806,0.476692,0.005649,0.280725,0.001240,0.091567,0.001134,35,84
uncertainty_gated_retrieval,cross_embodiment,4,0.558844,0.024741,0.507483,0.002767,0.213008,0.004017,0.088690,0.002649,0.477146,0.005795,0.280591,0.001351,0.091768,0.001093,35,84
uncertainty_gated_retrieval,cross_embodiment,5,0.560884,0.021766,0.507906,0.002855,0.213662,0.004022,0.088669,0.002451,0.477071,0.006185,0.280529,0.001394,0.092204,0.001096,35,84
uncertainty_gated_retrieval,cross_embodiment,6,0.550680,0.021862,0.507414,0.002922,0.213973,0.004219,0.088638,0.002620,0.477011,0.005980,0.280181,0.001305,0.091948,0.001088,35,84
uncertainty_gated_retrieval,heldout_mechanism,0,0.575510,0.020448,0.510618,0.002826,0.206630,0.004003,0.085117,0.002636,0.479079,0.005869,0.278353,0.001219,0.088256,0.001065,35,84
uncertainty_gated_retrieval,heldout_mechanism,1,0.570408,0.020005,0.511506,0.002820,0.206947,0.004200,0.085675,0.002558,0.479028,0.005952,0.278166,0.001272,0.088690,0.001069,35,84
uncertainty_gated_retrieval,heldout_mechanism,2,0.582993,0.019119,0.511022,0.002968,0.206234,0.004145,0.085573,0.002572,0.479532,0.005835,0.278189,0.001139,0.088648,0.001154,35,84
uncertainty_gated_retrieval,heldout_mechanism,3,0.575510,0.023489,0.511453,0.003019,0.206551,0.004092,0.085492,0.002641,0.480509,0.005832,0.278264,0.001420,0.089081,0.001159,35,84
uncertainty_gated_retrieval,heldout_mechanism,4,0.572789,0.023660,0.511883,0.003014,0.206868,0.004093,0.085774,0.002625,0.480457,0.006224,0.278044,0.001283,0.089286,0.001212,35,84
uncertainty_gated_retrieval,heldout_mechanism,5,0.576871,0.022029,0.512771,0.003007,0.207185,0.004122,0.085462,0.002563,0.481434,0.006212,0.277958,0.001119,0.089034,0.001282,35,84
uncertainty_gated_retrieval,heldout_mechanism,6,0.592517,0.021899,0.511830,0.002958,0.207502,0.004052,0.085376,0.002589,0.481383,0.005898,0.277710,0.001271,0.089239,0.001243,35,84
uncertainty_gated_retrieval,heldout_object,0,0.601701,0.021052,0.515379,0.002857,0.201211,0.004041,0.083040,0.002579,0.483259,0.005911,0.275980,0.001037,0.085650,0.001184,35,84
uncertainty_gated_retrieval,heldout_object,1,0.600680,0.023978,0.514413,0.002769,0.200823,0.003906,0.082994,0.002509,0.483208,0.005611,0.275496,0.001276,0.085830,0.001148,35,84
uncertainty_gated_retrieval,heldout_object,2,0.597959,0.020226,0.514820,0.002800,0.199407,0.003732,0.082448,0.002441,0.484228,0.005575,0.275264,0.001374,0.085992,0.001043,35,84
uncertainty_gated_retrieval,heldout_object,3,0.600340,0.017385,0.515227,0.002547,0.199706,0.003810,0.082157,0.002370,0.484150,0.005498,0.275189,0.001247,0.086413,0.001049,35,84
uncertainty_gated_retrieval,heldout_object,4,0.609864,0.019489,0.514718,0.002705,0.200348,0.003815,0.081977,0.002837,0.485087,0.005492,0.275014,0.001373,0.086841,0.001052,35,84
uncertainty_gated_retrieval,heldout_object,5,0.588095,0.016211,0.515125,0.002660,0.200304,0.003970,0.082600,0.002734,0.484508,0.005983,0.275506,0.001244,0.086570,0.001230,35,84
uncertainty_gated_retrieval,heldout_object,6,0.591837,0.018414,0.515989,0.002653,0.200946,0.003975,0.082536,0.002728,0.484416,0.006117,0.275641,0.001259,0.086311,0.001354,35,84
uncertainty_gated_retrieval,seen_corpus,0,0.611565,0.018844,0.521562,0.002826,0.191323,0.004091,0.077902,0.002571,0.490591,0.006531,0.270940,0.001136,0.081101,0.001198,35,84
uncertainty_gated_retrieval,seen_corpus,1,0.635374,0.018000,0.521944,0.002795,0.191604,0.004108,0.077397,0.002603,0.488943,0.006373,0.271010,0.001083,0.081510,0.001198,35,84
uncertainty_gated_retrieval,seen_corpus,2,0.626190,0.022295,0.521870,0.002663,0.191199,0.004184,0.077730,0.002600,0.489381,0.006512,0.271314,0.001065,0.081678,0.001196,35,84
uncertainty_gated_retrieval,seen_corpus,3,0.612585,0.021841,0.521795,0.002771,0.189765,0.003784,0.078302,0.002669,0.489345,0.006478,0.271680,0.001254,0.081599,0.001175,35,84
uncertainty_gated_retrieval,seen_corpus,4,0.611224,0.017507,0.521720,0.002941,0.190389,0.003788,0.078556,0.002594,0.489742,0.006282,0.272103,0.001221,0.081557,0.001160,35,84
uncertainty_gated_retrieval,seen_corpus,5,0.611905,0.018774,0.522560,0.002934,0.190326,0.004067,0.078031,0.002692,0.488622,0.005851,0.272040,0.001310,0.081731,0.001131,35,84
uncertainty_gated_retrieval,seen_corpus,6,0.607483,0.018732,0.522943,0.002918,0.190607,0.004149,0.078319,0.002634,0.489032,0.005581,0.272277,0.001249,0.081911,0.001146,35,84
visual_nearest_retrieval,combined_stress,0,0.473469,0.023916,0.424153,0.002999,0.371443,0.005465,0.128697,0.002549,0.376778,0.005876,0.196064,0.001493,0.137845,0.001283,35,84
visual_nearest_retrieval,combined_stress,1,0.469048,0.031073,0.424544,0.003007,0.372073,0.005470,0.129016,0.002625,0.377698,0.005870,0.195619,0.001355,0.137807,0.001388,35,84
visual_nearest_retrieval,combined_stress,2,0.455782,0.024678,0.424477,0.003143,0.372017,0.005321,0.129232,0.002604,0.378131,0.005674,0.195984,0.001262,0.137528,0.001399,35,84
visual_nearest_retrieval,combined_stress,3,0.460544,0.021766,0.423953,0.003069,0.372647,0.005326,0.129367,0.002499,0.378022,0.005300,0.196325,0.001219,0.137490,0.001326,35,84
visual_nearest_retrieval,combined_stress,4,0.458844,0.028463,0.422971,0.002731,0.372934,0.005354,0.129835,0.002642,0.377926,0.005395,0.196300,0.001253,0.137217,0.001433,35,84
visual_nearest_retrieval,combined_stress,5,0.452041,0.026065,0.422447,0.002540,0.372878,0.005569,0.129921,0.002561,0.376815,0.005988,0.196345,0.001324,0.136710,0.001250,35,84
visual_nearest_retrieval,combined_stress,6,0.467007,0.026666,0.422838,0.002733,0.372479,0.005563,0.128861,0.002820,0.376747,0.006355,0.196315,0.001193,0.136882,0.001257,35,84
visual_nearest_retrieval,cross_embodiment,0,0.500000,0.025072,0.431331,0.002814,0.350996,0.005402,0.122236,0.002781,0.385728,0.005963,0.192002,0.001090,0.132153,0.001125,35,84
visual_nearest_retrieval,cross_embodiment,1,0.511224,0.023586,0.431272,0.003067,0.351289,0.005328,0.122450,0.002789,0.385127,0.006179,0.191799,0.001189,0.132113,0.000973,35,84
visual_nearest_retrieval,cross_embodiment,2,0.507143,0.026770,0.430299,0.002915,0.351925,0.005333,0.122767,0.002844,0.384511,0.006127,0.191125,0.001412,0.132079,0.001051,35,84
visual_nearest_retrieval,cross_embodiment,3,0.513946,0.026205,0.429783,0.002606,0.351532,0.005257,0.122102,0.002818,0.383938,0.005956,0.190756,0.001509,0.132255,0.001055,35,84
visual_nearest_retrieval,cross_embodiment,4,0.509524,0.026592,0.430639,0.002599,0.351139,0.005389,0.121891,0.002761,0.383364,0.006283,0.191001,0.001534,0.132660,0.001062,35,84
visual_nearest_retrieval,cross_embodiment,5,0.484354,0.024571,0.431495,0.002593,0.350746,0.005620,0.122095,0.002625,0.383304,0.006382,0.191079,0.001476,0.132836,0.001090,35,84
visual_nearest_retrieval,cross_embodiment,6,0.490816,0.023491,0.431436,0.002607,0.350353,0.005629,0.122124,0.002701,0.383759,0.006256,0.191172,0.001422,0.132326,0.001238,35,84
visual_nearest_retrieval,heldout_mechanism,0,0.511224,0.026318,0.435320,0.002693,0.340500,0.005429,0.118843,0.002971,0.388237,0.006189,0.189059,0.001312,0.129616,0.001390,35,84
visual_nearest_retrieval,heldout_mechanism,1,0.523810,0.020404,0.434812,0.002666,0.340799,0.005522,0.118348,0.002939,0.388674,0.006135,0.189299,0.001276,0.129123,0.001392,35,84
visual_nearest_retrieval,heldout_mechanism,2,0.528571,0.022417,0.435219,0.002711,0.340412,0.005645,0.118186,0.002865,0.388623,0.006461,0.189191,0.001266,0.129303,0.001438,35,84
visual_nearest_retrieval,heldout_mechanism,3,0.519388,0.026058,0.436083,0.002703,0.340711,0.005573,0.118355,0.002734,0.388031,0.006499,0.189049,0.001449,0.129496,0.001398,35,84
visual_nearest_retrieval,heldout_mechanism,4,0.533673,0.022586,0.436489,0.002688,0.340324,0.005610,0.118003,0.002637,0.387980,0.006634,0.188351,0.001218,0.129447,0.001277,35,84
visual_nearest_retrieval,heldout_mechanism,5,0.534354,0.021745,0.435981,0.002584,0.340280,0.005597,0.117948,0.002614,0.386887,0.006203,0.188300,0.001137,0.129863,0.001276,35,84
visual_nearest_retrieval,heldout_mechanism,6,0.523469,0.030543,0.435016,0.002870,0.340236,0.005373,0.118583,0.002895,0.386822,0.005801,0.188411,0.001417,0.129820,0.001295,35,84
visual_nearest_retrieval,heldout_object,0,0.555782,0.023891,0.439480,0.002445,0.329086,0.005291,0.114734,0.002826,0.393010,0.005710,0.186358,0.001180,0.126601,0.001310,35,84
visual_nearest_retrieval,heldout_object,1,0.565986,0.020701,0.439405,0.002384,0.329710,0.005296,0.114985,0.002743,0.392377,0.005627,0.185476,0.001137,0.126330,0.001346,35,84
visual_nearest_retrieval,heldout_object,2,0.554762,0.024485,0.439331,0.002603,0.328962,0.005640,0.114875,0.002606,0.392314,0.005573,0.185122,0.001276,0.126492,0.001268,35,84
visual_nearest_retrieval,heldout_object,3,0.546599,0.022482,0.438799,0.002614,0.328557,0.005791,0.114730,0.002598,0.392237,0.005608,0.185183,0.001187,0.126660,0.001232,35,84
visual_nearest_retrieval,heldout_object,4,0.540476,0.026392,0.438724,0.002880,0.328495,0.005840,0.114799,0.002641,0.392661,0.005893,0.185444,0.001325,0.126606,0.001043,35,84
visual_nearest_retrieval,heldout_object,5,0.555782,0.022913,0.438649,0.002948,0.328432,0.005845,0.114667,0.002650,0.393085,0.006129,0.185634,0.001280,0.126551,0.000999,35,84
visual_nearest_retrieval,heldout_object,6,0.556463,0.020987,0.439032,0.002919,0.328713,0.005676,0.114854,0.002648,0.393495,0.006332,0.185342,0.001155,0.126045,0.001225,35,84
visual_nearest_retrieval,seen_corpus,0,0.586395,0.015873,0.446749,0.002457,0.310844,0.005496,0.109555,0.002547,0.397782,0.005284,0.182256,0.001175,0.122216,0.001289,35,84
visual_nearest_retrieval,seen_corpus,1,0.575170,0.020755,0.446193,0.002523,0.311107,0.005450,0.109737,0.002434,0.398166,0.005456,0.182119,0.001208,0.122156,0.001238,35,84
visual_nearest_retrieval,seen_corpus,2,0.569728,0.020807,0.446095,0.002760,0.311713,0.005456,0.109373,0.002765,0.398536,0.005551,0.182359,0.001169,0.122330,0.001286,35,84
visual_nearest_retrieval,seen_corpus,3,0.606122,0.022236,0.445539,0.002530,0.311976,0.005485,0.109061,0.002708,0.398920,0.005768,0.181784,0.001173,0.122498,0.001195,35,84
visual_nearest_retrieval,seen_corpus,4,0.591837,0.023810,0.444525,0.002886,0.312239,0.005687,0.109076,0.002817,0.399304,0.005906,0.182376,0.001205,0.122437,0.001187,35,84
visual_nearest_retrieval,seen_corpus,5,0.571429,0.022818,0.444884,0.002839,0.312501,0.005720,0.109671,0.002867,0.399174,0.006290,0.182596,0.001258,0.122605,0.001149,35,84
visual_nearest_retrieval,seen_corpus,6,0.582313,0.021333,0.445242,0.002881,0.312764,0.005806,0.109641,0.002873,0.400072,0.006279,0.182378,0.001239,0.122316,0.001175,35,84
